24.kg;https://24.kg/poisk_po_sajtu/?SearchForm%5Btext%5D=выборы;['https://24.kg/obschestvo/162187_forma_obucheniya_shkolnikov_budet_opredelena_ishodya_izepidsituatsii_vrayonah/', 'https://24.kg/obschestvo/162117_vyiboryi-2020_tsik_reshit_vopros_chtobyi_migrantyi_mogli_perechislyat_dengi_partiyam/', 'https://24.kg/obschestvo/162143_minsk_posle_prezidentskih_vyiborov_aktsii_protesta_prodoljayutsya/', 'https://24.kg/obschestvo/162143_minsk_posle_prezidentskih_vyiborov_aktsii_protesta_prodoljayutsya/', 'https://24.kg/vlast/162104_sooronbay_jeenbekov_pozdravil_aleksandra_lukashenko_spobedoy_navyiborah/', 'https://24.kg/obschestvo/162092_foto_dnya_aleksandr_lukashenko_vstretilsya_sdaniilom_uritskim_daniyarom_usenovyim_/', 'https://24.kg/obschestvo/162092_foto_dnya_aleksandr_lukashenko_vstretilsya_sdaniilom_uritskim_daniyarom_usenovyim_/', 'https://24.kg/vlast/162084_tsik_belarusi_priznal_vyiboryi_prezidenta_sostoyavshimisya/', 'https://24.kg/proisshestvija/162053_vminske_posle_massovyih_besporyadkov_pogib_odin_chelovek/', 'https://24.kg/vlast/162014_akim_issyik-kulskogo_rayona_podal_votstavku_sobralsya_navyiboryi-2020/', 'https://24.kg/obschestvo/162015_vbelarusi_posle_vyiborov_prezidenta_proizoshli_massovyie_besporyadki/', 'https://24.kg/obschestvo/162015_vbelarusi_posle_vyiborov_prezidenta_proizoshli_massovyie_besporyadki/', 'https://24.kg/obschestvo/162005_grajdane_kyirgyizstana_nahodyaschiesya_zarubejom_nemogut_pomogat_partiyam/', 'https://24.kg/obschestvo/161409_kak_skripach_izkyirgyizstana_pokoril_meksiku_kotoraya_stala_dlya_nego_vtoryim_domom/', 'https://24.kg/obschestvo/161409_kak_skripach_izkyirgyizstana_pokoril_meksiku_kotoraya_stala_dlya_nego_vtoryim_domom/', 'https://24.kg/obschestvo/161828_elemne_deyt_kak_vovremya_pandemii_neisportit_otnosheniya_srodstvennikami_/', 'https://24.kg/obschestvo/161888_nedelya-24_budetli_vtoraya_volna_koronavirusa_igod_sobyitiyam_vkoy-tashe/', 'https://24.kg/obschestvo/161888_nedelya-24_budetli_vtoraya_volna_koronavirusa_igod_sobyitiyam_vkoy-tashe/', 'https://24.kg/vlast/161993_davno_pora_prezident_obeschaet_posle_vyiborov_sokraschenie_gosstruktur/', 'https://24.kg/vlast/161982_polpred_voshskoy_oblasti_ushel_votstavku_budet_uchastvovat_vvyiborah/', 'https://24.kg/obschestvo/161932_vyiboryi-2020_skolko_izbirateley_otobschego_spiska_prihoditsya_nabishkek_iosh/', 'https://24.kg/obschestvo/161918_vyiboryi-2020_vtsik_utochnili_kak_nado_perechislyat_partiyam_dengi/', 'https://24.kg/obschestvo/161868_vyiboryi-2020_butun_kyirgyizstan_preduprejdenie_ottsik_nepoluchila/', 'https://24.kg/obschestvo/161802_vyiboryi-2020_zaprejdevremennuyu_agitatsiyu_chon_kazatu_vyineseno_preduprejdenie/', 'https://24.kg/obschestvo/161792_vyiboryi-2020_glava_tsik_ulichila_predstaviteley_partii_chon_kazat_vobmane/', 'https://24.kg/biznes_info/161801_kachestvennyie_pulsoksimetryi_sgarantiey_mojno_nayti_vlyubom_OStore/', 'https://24.kg/vlast/161784_respublika_zayavlyaet_obobnovlenii_kto_vyiveden_izsostava_partii/', 'https://24.kg/obschestvo/161780_vyiboryi-2020_pryamogo_zapreta_naogranichenie_delegatov_syezda_vzakone_net/', 'https://24.kg/vlast/161768_vyiboryi-2020_pravitelstvo_budet_pomogat_vprovedenii_izbiratelnoy_kampanii/', 'https://24.kg/obschestvo/161755_vyiboryi-2020_budut_otslejivat_mestnyie_nablyudateli_kto_oni/', 'https://24.kg/biznes_info/161754_OStore_vernulis_kprejnemu_grafiku_idaryat_skidku_30protsentov_naaksessuaryi/', 'https://24.kg/obschestvo/161728_vyiboryi-2020_samyiy_bolshoy_protsent_izbirateley_prihoditsya_naoshskuyu_oblast/', 'https://24.kg/obschestvo/161676_tsifra_dnya150_tyisyach_113_polzovateley_posetili_sayt_onlayn-postupleniya_vvuzyi/', 'https://24.kg/obschestvo/161688_vyiboryi-2020_aktivistka_hotela_pomoch_partii_abank_neprinyal_dengi/', 'https://24.kg/obschestvo/161660_vyiboryi-2020_dofinala_nedoshli_tandem_tekebaeva_isarieva_raspalsya/']
kloop.kg;https://kloop.kg/?s=выборы;['https://kloop.kg/blog/2020/08/10/vybory-v-belarusi-tsik-obyavil-chto-lukashenko-nabral-81-golosov-v-strane-nachalis-protesty-est-postradavshie-vo-vremya-razgonov-mitinguyushhih/', 'https://kloop.kg/blog/2020/08/06/vybory-2020-kakie-partii-smogut-projti-v-parlament-prognoz-azima-azimova/', 'https://kloop.kg/blog/2020/08/05/vybory-2020-alyans-tekebaeva-i-sariva-raspalsya/', 'https://kloop.kg/blog/2020/07/31/partiya-respublika-provedet-sezd-ranee-eyo-lider-zheenchorov-treboval-perenesti-parlamentskie-vybory/', 'https://kloop.kg/blog/2020/07/28/parlamentskie-vybory-2020-agitatsiya-projdet-v-onlajn-rezhime-dlya-kandidatov-v-deputaty-uvelichat-besplatnoe-efirnoe-vremya/', 'https://kloop.kg/blog/2020/07/24/vybory-2020-kak-progolosovat-esli-vy-ne-v-kyrgyzstane-ili-ne-v-meste-propiski/', 'https://kloop.kg/blog/2020/07/18/desyatki-skonchalis-kritika-vybory-ne-perenesut-pereskazyvaem-intervyu-zheenbekova/', 'https://kloop.kg/blog/2020/07/13/vybory-2020-tsik-otkazal-predstavitelyu-sdpk-v-registratsii/', 'https://kloop.kg/blog/2020/07/09/deputat-zhanar-akaev-predlozhil-peredvinut-parlamentskie-vybory-iz-za-pandemii-koronavirusa/', 'https://kloop.kg/blog/2020/07/08/vybory-2020-tsik-rekomenduet-partiyam-ne-provodit-vstrechi-s-izbiratelyami/', 'https://kloop.kg/blog/2020/07/03/parlamentskie-vybory-2020-kak-eto-budet/', 'https://kloop.kg/blog/2020/07/03/sooronbaj-zheenbekov-naznachil-vybory-v-parlament-na-4-oktyabrya/']
kaktus.media;https://kaktus.media/?search=выборы;['https://kaktus.media/doc/418633_poiavilsia_sayt_gde_predlagaut_progolosovat_za_partii._pochemy_etogo_delat_ne_stoit.html', 'https://kaktus.media/doc/418606_vtoroy_den_protestov_posle_vyborov_v_belarysi:_ischeznovenie_jyrnalista_pervaia_smert.html', 'https://kaktus.media/doc/418594_lykashenko:_nado_skazat_spasibo_omonovcam.html', 'https://kaktus.media/doc/418593_tihanovskaia_podala_jaloby_v_cik_belarysi.html', 'https://kaktus.media/doc/418592_lykashenko:_iz_za_granicy_byli_zvonki_ypravliali_nashimi_izvinite_menia_ovcami.html', 'https://kaktus.media/doc/418575_eta_kampaniia_bydet_borboy_deneg._bakyt_torobaev_ne_poydet_na_vybory_v_parlament.html', 'https://kaktus.media/doc/418569_lykashenko_posle_vyborov_posetil_zavod_daniila_yrickogo_daniiara_ysenova_v_minske.html', 'https://kaktus.media/doc/418572_jeenbekov_pozdravil_aleksandra_lykashenko_s_pereizbraniem_na_post_prezidenta_belarysi.html', 'https://kaktus.media/doc/418550_cik_belarysi_obnarodoval_predvaritelnye_itogi_vyborov:_za_lykashenko_bolee_80_izbirateley.html', 'https://kaktus.media/doc/418540_akim_issyk_kylskogo_rayona_daniiar_imanaliev_yshel_v_otstavky_radi_vyborov.html', 'https://kaktus.media/doc/418535_protesty_posle_vyborov_v_belarysi._video.html', 'https://kaktus.media/doc/418528_o_nevzrachnom_politicheskom_pole._otkrovennoe_intervu_s_analitikom_o_parlamentskih_vyborah.html', 'https://kaktus.media/doc/418524_prezidentskie_vybory_v_belarysi._glavnye_novosti.html', 'https://kaktus.media/doc/418519_v_belarysi_prohodiat_prezidentskie_vybory._lykashenko_pytaetsia_pereizbratsia_na_shestoy_srok.html', 'https://kaktus.media/doc/418517_tysiachi_ludey_vyshli_na_ylicy_beyryta_trebyia_nakazat_vinovnyh_vo_vzryve_v_porty.html', 'https://kaktus.media/doc/418329_za_kakie_regiony_partii_bydyt_borotsia_aktivnee._obiasniaem_nagliadno.html', 'https://kaktus.media/doc/418397_partiia_chon_kazat_doljna_za_2_dnia_ydalit_svoi_videomaterialy_iz_interneta.html', 'https://kaktus.media/doc/418392_v_partii_respyblika_idet_polnocennaia_podgotovka_k_parlamentskim_vyboram.html', 'https://kaktus.media/doc/418384_sozdan_eshe_odin_respyblikanskiy_shtab._teper_dlia_vyborov.html', 'https://kaktus.media/doc/418348_ychitelia_sobiraut_dannye_o_boleushih_covid_19_v_seme_ychenikov._komy_eto_nyjno_i_zachem.html', 'https://kaktus.media/doc/418297_gde_ta_tonkaia_gran_mejdy_agitaciey_i_informaciey_o_vyborah_razbiraemsia.html', 'https://kaktus.media/doc/418360_anjelika:_mne_idti_na_vybory_ili_pomogat_ludiam_vne_politiki.html', 'https://kaktus.media/doc/418334_v_rossii_migranty_trebyut_organizovat_dlia_nih_onlayn_golosovanie_na_vyborah_v_jk.html', 'https://kaktus.media/doc/418292_alians_omyrbeka_tekebaeva_i_temira_sarieva_raspalsia.html', 'https://kaktus.media/doc/418277_lykashenko:_na_belarysi_reshili_otrabotat_tehnologii_cvetnyh_revoluciy.html', 'https://kaktus.media/doc/418264_vy_by_hoteli_menia_videt_v_parlamente_ishak_masaliev_zadymalsia_o_vozvrashenii_v_jk.html', 'https://kaktus.media/doc/418247_partii_yje_nachali_polzovatsia_izbiratelnymi_fondami.html', 'https://kaktus.media/doc/418192_cik_zaregistriroval_ypolnomochennyh_sdpk._vopros_reshal_syd.html', 'https://kaktus.media/doc/418185_molodye_i_perspektivnye._kto_prisoedinitsia_k_partiiam_na_vyborah_2020.html', 'https://kaktus.media/doc/418149_v_shtabe_bir_bola_kosvenno_podtverdili_chto_tam_rabotaet_rodstvennica_kyrmanbeka_bakieva.html', 'https://kaktus.media/doc/418142_aktivisty_potrebovali_opravdat_tekebaeva_i_chotonova_do_nachala_predvybornoy_gonki.html', 'https://kaktus.media/doc/417801_sezdy_partiy._v_kakom_formate_ih_planiryut_provesti_v_period_pandemii.html', 'https://kaktus.media/doc/417917_partii_obeshali_agitirovat_v_ramkah_zakona._vy_im_verite.html', 'https://kaktus.media/doc/418066_advokat:_zakonnyh_osnovaniy_dlia_zapreta_tekebaevy_ychastvovat_v_vyborah_net.html', 'https://kaktus.media/doc/418015_nesmotria_na_kanikyly._mandat_chynybaia_tyrsynbekova_neobhodimo_peredat_drygomy_kandidaty.html', 'https://kaktus.media/doc/418007_v_belarysi_zaiavili_o_zaderjanii_boevikov_rossiian.html', 'https://kaktus.media/doc/417999_eks_posla_kylychbeka_syltana_doprashivali_po_dely_o_zahvate_vlasti._v_gknb_govoriat_inache.html', 'https://kaktus.media/doc/417990_mombekov_podverg_kritike_slova_prezidenta_ob_oppozicionnyh_partiiah._video.html', 'https://kaktus.media/doc/417954_prezident_est_a_ego_jeny_net_kaktus.media_proveril_yiki_i_spiski_izbirateley.html', 'https://kaktus.media/doc/417949_zriteli_tv_schitaut_chto_partii_nachali_naryshat_pravila_agitacii.html', 'https://kaktus.media/doc/417941_bir_bol_obnovil_svoy_sostav._spisok.html', 'https://kaktus.media/doc/417928_onygyy_progress_ne_ychastvyet_v_vyborah_v_jk._bakyt_torobaev_obiasnil_pochemy.html', 'https://kaktus.media/doc/417882_eto_bydet_neobychnoe_golosovanie._potencialnye_narysheniia_na_vyborah_vo_vremia_karantina.html', 'https://kaktus.media/doc/417931_verhovnyy_syd_priznal_nedeystvitelnym_reshenie_cik_ob_otkaze_v_registracii_sdpk.html', 'https://kaktus.media/doc/417893_agitaciia_v_ramkah_vyborov_bydet_prohodit_onlayn.html', 'https://kaktus.media/doc/417639_ne_vmeshivayte_nas_v_politiky._vrachi_prokommentirovali_skandal_vokryg_bannerov.html', 'https://kaktus.media/doc/417845_volontery:_v_cholpon_ate_krayne_slojnaia_sityaciia_s_medicinskim_personalom.html', 'https://kaktus.media/doc/417849_vneseny_izmeneniia_v_nekotorye_zakonodatelnye_akty_v_sfere_izbiratelnogo_zakonodatelstva.html', 'https://kaktus.media/doc/417760_plagiat_fond_matraimovyh_ispolzoval_slogan_pohojiy_na_nazvanie_volonterskogo_dvijeniia.html', 'https://kaktus.media/doc/417798_ot_3_mln_do_200_somov._politpartii_otkryli_scheta_dlia_ychastiia_v_vyborah.html', 'https://kaktus.media/doc/417406_chto_poleznogo_sdelali_depytaty_komiteta_po_zdravoohraneniu_dlia_borby_s_pandemiey.html', 'https://kaktus.media/doc/417765_v_habarovske_proshel_mnogotysiachnyy_miting.html', 'https://kaktus.media/doc/417290_centrizbirkom_sokratil_rashody_na_vybory_na_286_mln_somov.html', 'https://kaktus.media/doc/417361_jeenbekov_ob_otstavke_pravitelstva.html', 'https://kaktus.media/doc/417360_prezident_vyskazalsia_po_povody_perenosa_parlamentskih_vyborov.html', 'https://kaktus.media/doc/417350_o_pandemii_koronavirysa_borbe_za_vlast_i_o_tom_kto_vinovat._intervu_jeenbekova.html', 'https://kaktus.media/doc/417230_svejiy_glotok_ili_haos_mneniia_za_i_protiv_impichmenta_prezidenta.html', 'https://kaktus.media/doc/417288_kak_obystroit_strany_kyrgyzstan._vzgliad_eksperta_cherez_prizmy_budjeta_v_200_milliardov.html', 'https://kaktus.media/doc/417197_cik_obsydil_s_diasporami_ychastie_sootechestvennikov_v_vyborah.html', 'https://kaktus.media/doc/417192_centrizbirkom_vnes_ytochneniia_v_shemy_i_granicy_izbiratelnyh_ychastkov.html']
rus.azattyk.org;https://rus.azattyk.org/s?k=выборы&tab=news&pi=1&r=week&pp=20;['https://rus.azattyk.org//a/30777664.html', 'https://rus.azattyk.org//a/30777414.html', 'https://rus.azattyk.org//a/30777350.html', 'https://rus.azattyk.org//a/30777225.html', 'https://rus.azattyk.org//a/30777220.html', 'https://rus.azattyk.org//a/30777206.html', 'https://rus.azattyk.org//a/30775971.html', 'https://rus.azattyk.org//a/30775890.html', 'https://rus.azattyk.org//a/30775873.html', 'https://rus.azattyk.org//a/30775851.html', 'https://rus.azattyk.org//a/30775775.html', 'https://rus.azattyk.org//a/30775651.html', 'https://rus.azattyk.org//a/30775368.html', 'https://rus.azattyk.org//a/30775348.html', 'https://rus.azattyk.org//a/30775221.html', 'https://rus.azattyk.org//a/30775214.html', 'https://rus.azattyk.org//a/belarus-protestujuschie-vyshli-na-ulucy/30774663.html', 'https://rus.azattyk.org//a/belarus-after-elections/30774581.html', 'https://rus.azattyk.org//a/30774574.html', 'https://rus.azattyk.org//a/30774507.html']
ru.sputnik.kg;https://ru.sputnik.kg/services/search/getmore/?выборы=выборы&types%5B%5D=article&search_area=strict&query%5B%5D=выборы&limit=20&offset=0&sort=date&interval=period;['https://ru.sputnik.kg//society/20200811/1049292836/kyrgyzstan-obrazovanie-forma.html', 'https://ru.sputnik.kg//world/20200811/1049291160/belarus-minsk-vybory-akciya-protest-hronika.html', 'https://ru.sputnik.kg//incidents/20200810/1049281197/zhurnalist-sputnik-izbienie-minsk-politsiya.html', 'https://ru.sputnik.kg//spravka/20200810/1049280640/svetlana-tihanovskaya-biografiya.html', 'https://ru.sputnik.kg//politics/20200810/1049280558/zhehehnbekov-lukashenko-pozdravlenie-pereizbranie.html', 'https://ru.sputnik.kg//world/20200810/1049280456/belarus-minsk-vybory-protesty-smert-oproverzhenie.html', 'https://ru.sputnik.kg//world/20200810/1049280190/belarus-lukashenko-protest-upravlenie-zagranica.html', 'https://ru.sputnik.kg//world/20200810/1049279496/belarus-svetlana-tihanovskaya-biografiya-fakty.html', 'https://ru.sputnik.kg//world/20200810/1049278276/lukashenko-zayavlenie-posle-vybory.html', 'https://ru.sputnik.kg//opinion/20200810/1049258968/voda-ehlektrichestvo-gehs-prodazha-malovode-soglashenie-otklyucheniya-zima-osen.html', 'https://ru.sputnik.kg//world/20200810/1049278096/belarus-minsk-vybory-prezident-protesty-smert.html', 'https://ru.sputnik.kg//politics/20200810/1049276857/predvaritelno-itogi-vybory-prezident-belarus.html', 'https://ru.sputnik.kg//world/20200810/1049269343/minsk-stolknoveniya.html', 'https://ru.sputnik.kg//world/20200810/1049269072/belarus-minsk-vitebsk-zaderzhanie.html', 'https://ru.sputnik.kg//world/20200809/1049268595/belarus-vybory-itogi-exit-poll.html', 'https://ru.sputnik.kg//society/20200809/1049263426/kyrgyzstan-rossiya-sergej-klyavlin-vrach-pomoshch-koronavirus.html', 'https://ru.sputnik.kg//analytics/20200809/1049265540/saudia-arabia-usa-vybory.html', 'https://ru.sputnik.kg//world/20200809/1049264840/belarus-vybory-sostoyavshiesya.html', 'https://ru.sputnik.kg//society/20200809/1049262280/intensivnyj-sad-selskoe-hozyajstvo-sadovodstvo-intervyu.html', 'https://ru.sputnik.kg//world/20200809/1049262609/likhtman-vybory-usa-iskhod-predskazanie.html']
ktrk.kg_ru;http://www.ktrk.kg/ru/search?search=выборы;['http://www.ktrk.kg/ru/post/43847/ru', 'http://www.ktrk.kg/ru/post/42021/ru', 'http://www.ktrk.kg/ru/post/39321/ru', 'http://www.ktrk.kg/ru/post/38859/ru', 'http://www.ktrk.kg/ru/post/37686/ru', 'http://www.ktrk.kg/ru/post/36089/ru', 'http://www.ktrk.kg/ru/post/42790/ru', 'http://www.ktrk.kg/ru/post/41996/ru', 'http://www.ktrk.kg/ru/post/39057/ru', 'http://www.ktrk.kg/ru/post/38597/ru', 'http://www.ktrk.kg/ru/post/37659/ru', 'http://www.ktrk.kg/ru/post/35741/ru', 'http://www.ktrk.kg/ru/post/42340/ru', 'http://www.ktrk.kg/ru/post/40948/ru', 'http://www.ktrk.kg/ru/post/39003/ru', 'http://www.ktrk.kg/ru/post/38199/ru', 'http://www.ktrk.kg/ru/post/36886/ru', 'http://www.ktrk.kg/ru/post/33793/ru']
ktrk.kg;http://www.kabar.kg/search/?q=выборы;['http://www.kabar.kg/news/nabliudateli-sng-zaiavili-chto-vybory-v-belorussii-sootvetstvovali-zakonodatel-stvu-strany/', 'http://www.kabar.kg/news/v-belorussii-vo-vremia-aktcii-protesta-zaderzhali-okolo-3-tysiach-chelovek/', 'http://www.kabar.kg/news/v-mvd-belorussii-soobshchili-chto-vziali-pod-kontrol-situatciiu-s-aktciiami-protesta-v-minske/', 'http://www.kabar.kg/news/v-belarusi-s-utra-otkrylis-uchastki-dlia-golosovaniia-na-vyborakh-prezidenta/', 'http://www.kabar.kg/news/ispolniaiushchim-obiazannosti-glavy-oshskoi-oblasti-naznachen-baiysh-iusupov/', 'http://www.kabar.kg/news/god-koi-tashskim-sobytiiam-chemu-oni-nauchili-stranu-i-politikov/', 'http://www.kabar.kg/news/polpred-oshskoi-oblasti-uzarbek-zhylkybaev-podal-v-otstavku/', 'http://www.kabar.kg/news/korystnym-politikom-nado-posmotret-na-primer-atambaeva-akerov/', 'http://www.kabar.kg/news/v-tadzhikistane-ob-iavlena-data-prezidentskikh-vyborov/', 'http://www.kabar.kg/news/kubatbek-boronov-provel-soveshchanie-o-khode-podgotovki-k-parlamentskim-vyboram/', 'http://www.kabar.kg/news/parlament-tadzhikistana-naznachit-datu-provedeniia-prezidentskikh-vyborov/', 'http://www.kabar.kg/news/kan-e-uest-podal-dokumenty-na-registratciiu-kandidatom-v-prezidenty-ssha-v-n-iu-dzhersi/', 'http://www.kabar.kg/news/nabliudateli-ot-mpa-sng-budut-vesti-monitoring-parlamentskikh-vyborov-v-kyrgyzstane/', 'http://www.kabar.kg/news/babur-tol-baev-o-vstreche-volonterov-s-prezidentom-tekushchem-krizise-i-o-vyborakh-v-parlament/', 'http://www.kabar.kg/news/tcik-belorussii-sokratit-chislo-nabliudatelei-na-prezidentskikh-vyborakh/', 'http://www.kabar.kg/news/prezident-kr-seichas-v-strane-parallel-no-sushchestvuiut-dva-osnovnykh-voprosa-koronavirus-i-bor-ba-za-vlast/', 'http://www.kabar.kg/news/zheenbekov-osennie-parlamentskie-vybory-proidut-v-ustanovlennye-konstitutciei-sroki/', 'http://www.kabar.kg/news/prezident-zheenbekov-net-smysla-v-otstavke-pravitel-stva-v-dannoe-vremia/', 'http://www.kabar.kg/news/sooronbai-zheenbekov-dal-interv-iu-radiostantcii-birinchi-radio/', 'http://www.kabar.kg/news/tcik-utverdil-smetu-raskhodov-na-vybory-v-zhk-raskhody-sushchestvenno-optimizirovany/', 'http://www.kabar.kg/news/pervomaiskii-akimat-ne-rekomenduet-provodit-miting-protiv-vyborov-u-belogo-doma/', 'http://www.kabar.kg/news/ekzitpol-andzhei-duda-pobezhdaet-na-prezidentskikh-vyborakh-v-pol-she/', 'http://www.kabar.kg/news/organizatciia-vyborov-i-smeta-raskhodov-na-vybory-budut-optimizirovany-s-uchetom-tekushchei-situatcii-tcik-kr/', 'http://www.kabar.kg/news/zharkyn-bapanova-eks-chlen-tcik-kr-esli-ne-budem-podchiniat-sia-konstitutcii-to-poluchim-dzhungli/', 'http://www.kabar.kg/news/prokuratura-bolivii-pred-iavila-eks-prezidentu-evo-moralesu-obvineniia-v-terrorizme/', 'http://www.kabar.kg/news/nursultanu-nazarbaevu-ispolnilos-80-let/', 'http://www.kabar.kg/news/tcik-opublikovala-obrashchenie-k-uchastnikam-izbiratel-nogo-protcessa/', 'http://www.kabar.kg/news/tcik-naznachil-vybory-glav-aralskogo-i-kyzyl-ozgorushskogo-aiyl-okmotu/', 'http://www.kabar.kg/news/tcentrizbirkom-utverdil-kalendarnyi-plan-po-podgotovke-i-provedeniiu-vyborov-v-zhogorku-kenesh/', 'http://www.kabar.kg/news/novosti-dnia-za-03.07.20-korotko-o-glavnom/', 'http://www.kabar.kg/news/prezident-obsudil-s-glavoi-tcik-voprosy-podgotovki-k-parlamentskim-vyboram/', 'http://www.kabar.kg/news/zheenbekov-podpisal-ukaz-o-naznachenii-vyborov-deputatov-zhogorku-kenesha-kr/', 'http://www.kabar.kg/news/po-pervym-dannym-72-92-progolosovavshikh-podderzhali-izmeneniia-v-konstitutciiu-rossii/', 'http://www.kabar.kg/news/merom-goroda-kara-suu-izbran-adyl-lolobaev/', 'http://www.kabar.kg/news/vybory-mera-g.kara-suu-prokhodiat-sobliudeniem-vsekh-sanitarnykh-pravil-tcik/', 'http://www.kabar.kg/news/vybory-glavy-aralskogo-aiyl-okmotu-proshli-s-sobliudeniem-sanitarno-epidemiologicheskikh-pravil/', 'http://www.kabar.kg/news/prezident-zheenbekov-v-sviazi-s-pandemiei-i-predstoiashchimi-vyborami-obratilsia-k-kyrgyzstantcam/', 'http://www.kabar.kg/news/na-predstoiashchikh-vyborakh-v-zhogorku-kenesh-dlia-vsekh-partii-budut-sozdany-ravnye-usloviia-zheenbekov/', 'http://www.kabar.kg/news/maks-georg-maier-kyrgyzstanu-nuzhno-prozrachnoe-i-effektivnoe-administrativnoe-gosudarstvennoe-upravlenie-orientirovannoe-na/', 'http://www.kabar.kg/news/tcik-prinial-riad-polozhenii-napravlennykh-na-obespechenie-prozrachnosti-finansirovaniia-vyborov/', 'http://www.kabar.kg/news/tcik-kyrgyzstana-naznachil-vybory-riada-glav-ispolnitel-nykh-organov-msu/', 'http://www.kabar.kg/news/v-kazakhstane-naznachili-vybory-v-senat-parlamenta/', 'http://www.kabar.kg/news/deputat-mamataliev-o-vazhnosti-zakona-ob-nko-i-momentakh-kotorye-neobkhodimo-uchest/', 'http://www.kabar.kg/news/donal-d-tramp-podpisal-ukaz-reguliruiushchii-deiatel-nost-sotcsetei/', 'http://www.kabar.kg/news/tcik-kr-vozobnovlenie-vyborov-v-mestnye-keneshi-zavisit-ot-epidsituatcii/', 'http://www.kabar.kg/news/tramp-poobeshchal-nalozhit-veto-na-zakon-o-nabliudenii-za-inostrannoi-razvedkoi/', 'http://www.kabar.kg/news/tramp-obvinil-twitter-vo-vmeshatel-stve-v-predstoiashchie-prezidentskie-vybory-ssha/', 'http://www.kabar.kg/news/sostoialsia-brifing-predsedatelia-tcik-kr-dlia-poslov-i-predstavitelei-mezhdunarodnykh-organizatcii/', 'http://www.kabar.kg/news/lukashenko-peredal-tcik-dokumenty-na-registratciiu-gruppy-po-vydvizheniiu-kandidatom-na-vyborakh/', 'http://www.kabar.kg/news/vybory-v-mestnye-keneshi-neobkhodimo-provesti-ne-smeshivaia-s-parlamentskimi-glava-tcik/']
bars.media;https://bars.media/?s=выборы;['https://bars.media/?p=93107', 'https://bars.media/?p=92721', 'https://bars.media/?p=92600', 'https://bars.media/?p=91584', 'https://bars.media/?p=89123', 'https://bars.media/?p=88995', 'https://bars.media/?p=87558', 'https://bars.media/?p=86999', 'https://bars.media/?p=86728', 'https://bars.media/?p=86470']
vesti.kg;https://vesti.kg/component/search/?searchword=выборы&ordering=newest&searchphrase=exact&limit=20;['https://vesti.kg/politika/item/74057-uzarbek-zhylkybaev-pojdet-na-vybory-ot-partii-respublika.html', 'https://vesti.kg/politika/item/74034-bakyt-torobaev-ne-budet-uchastvovat-v-parlamentskikh-vyborakh.html', 'https://vesti.kg/politika/item/73922-eksperty-molodye-politiki-malo-otlichayutsya-ot-starykh-kotorye-ikh-vospitali.html', 'https://vesti.kg/politika/item/73885-eks-deputat-iskhak-masaliev-zadumalsya-o-vozvrashchenii-v-parlament.html', 'https://vesti.kg/politika/item/73883-novaya-organizatsiya-sobiraetsya-borot-sya-s-inostrannym-vliyaniem-na-rezul-tat-vyborov-v-zhk.html', 'https://vesti.kg/politika/item/73745-ryskeldi-mombekov-otvetil-na-kritiku-prezidenta-v-adres-partii-ata-meken-video.html', 'https://vesti.kg/politika/item/73735-maratu-amankulovu-pripisali-priznanie-v-tom-chto-birimdik-partiya-vlasti.html', 'https://vesti.kg/politika/item/73696-feliks-kulov-ya-reshil-ne-vozglavlyat-partijnyj-spisok.html', 'https://vesti.kg/politika/item/73453-bolee-chem-na-280-tysyach-somov-v-tsik-smogli-sokratit-raskhody-na-vybory.html', 'https://vesti.kg/politika/item/73446-prezident-sooronbaj-zheenbekov-dal-interv-yu-radiostantsii-birinchi-radio.html', 'https://vesti.kg/politika/item/73400-v-tsik-ne-postupilo-ni-odnogo-zayavleniya-ob-otkaze-uchastvovat-v-vyborakh-2020-goda.html', 'https://vesti.kg/obshchestvo/item/73384-v-tsik-rasskazali-kak-vybory-v-zhogorku-kenesh-projdut-dlya-kyrgyzstantsev-v-rossii.html', 'https://vesti.kg/politika/item/73371-chinovnikam-nuzhno-bol-she-deneg-dlya-provedeniya-vyborov-vo-vremya-epidemii-covid-19.html', 'https://vesti.kg/politika/item/73283-deputat-strokova-t-fu-protivno-kollegi-piaryatsya-trebuya-perenosa-vyborov.html', 'https://vesti.kg/politika/item/73257-deputat-kazakbaev-ne-ponimaet-kak-sejchas-mozhno-dumat-o-parlamentskikh-vyborakh.html', 'https://vesti.kg/politika/item/73206-tsik-raskhody-na-parlamentskie-vybory-po-vozmozhnosti-optimiziruyut.html', 'https://vesti.kg/politika/item/73128-klara-sooronkulova-vozglavila-partiyu-kotoraya-postaraetsya-pomeshat-deputatam-vi-sozyva-vnov-projti-v-zhk.html', 'https://vesti.kg/politika/item/73113-sotsialisty-kyrgyzstana-prizyvayut-partii-bojkotirovat-vybory-2020.html', 'https://vesti.kg/politika/item/73094-tsik-opredelil-banki-dlya-otkrytiya-spetsschetov-izbiratel-nykh-fondov-partij-na-vybory-v-zhk.html', 'https://vesti.kg/politika/item/73091-tsik-35-politicheskikh-partij-namereny-uchastvovat-v-vyborakh-deputatov-zhogorku-kenesha.html']
bulak.kg;https://bulak.kg/article/search?q=выборы;['https://bulak.kg/show/13202-kandidat-v-prezidenty-belarusi-tikhanovskaya-uekhala-v-litvu.html', 'https://bulak.kg/show/13190-vybory-v-belarusi-oppozitsiya-ne-priznala-rezultaty-tsik.html', 'https://bulak.kg/show/13186-zhirinovskiy-lukashenko-zhdet-sudba-yanukovicha.html', 'https://bulak.kg/show/13105-smi-v-belarusi-zaderzhany-32-boevika-inostrannoy-chastnoy-voennoy-kompanii.html', 'https://bulak.kg/show/12935-vybory-2020-eshche-chetyre-partii-zayavili-o-svoem-uchastii-v-gonke.html', 'https://bulak.kg/show/12917-vybory-deputatov-zhogorku-kenesha-naznacheny-na-4-oktyabrya.html', 'https://bulak.kg/show/12717-akaev-mombekov-sariev-tekebaev-temirkulov-toktogaziev-obyavili-o-sozdanii-obedineniya-ata-meken-zhany-dem.html', 'https://bulak.kg/show/12643-eks-glava-chuvashii-podal-v-sud-na-vladimira-putina.html', 'https://bulak.kg/show/12628-putin-podpisal-zakon-o-distantsionnom-golosovanii-po-internetu-i-pochte.html', 'https://bulak.kg/show/12048-abylgaziev-vybory-v-mestnye-keneshi-dolzhny-proyti-na-vysokom-organizatsionnom-urovne.html', 'https://bulak.kg/show/12004-prezident-ozabotilsya-sluchaem-massovoy-propiski-grazhdan-v-otdelnykh-gorodakh-v-preddverii-vyborov-v-mestnye-keneshi.html', 'https://bulak.kg/show/11916-goskomissiya-po-delam-religiy-esli-chubak-azhy-khochet-uchastvovat-v-vyborakh-on-obyazan-uyti-iz-soveta-ulemov-dumk.html', 'https://bulak.kg/show/11909-genprokuratura-v-tokmake-za-dva-mesyatsa-propisalis-6-tys-745-grazhdan.html', 'https://bulak.kg/show/11873-vybory-v-mestnye-keneshi-chto-nuzhno-pomnit-i-nelzya-delat.html', 'https://bulak.kg/show/11856-v-gorode-osh-v-chastnom-dome-propisali-1-tys-300-chelovek.html']
rezonans.kg;https://rezonans.kg/?s=выборы;['https://rezonans.kg/vybory-v-jogorku-kenesh-naznacheny-na-4-oktyabrya-2020-goda/', 'https://rezonans.kg/ne-ozhidanno-tekebaev-akaev-sariev-mombekov-idut-na-vybory-vmeste/', 'https://rezonans.kg/partiya-respublika-idet-na-vybory-2020-bez-ata-jurta/', 'https://rezonans.kg/vybory-v-mestnye-keneshi-obedinyat-s-parlamentskimi-chto-govoryat-deputaty/', 'https://rezonans.kg/prezident-prinyal-reshenie-perenesti-mestnye-vybory/', 'https://rezonans.kg/pevica-uliya-ruckaya-o-sobytiyah-v-belarusi-ludi-idut-za-pravdoi-i-spravedlivostu/', 'https://rezonans.kg/lukashenko-sdelal-pervoe-zayavlenie-posle-vyborov/', 'https://rezonans.kg/mvd-belarusi-vzyalo-pod-kontrol-situaciu-v-minske/', 'https://rezonans.kg/105-deputatov-za-parlament-utverdil-novoe-pravitelstvo/', 'https://rezonans.kg/prekratit-repressii-v-otnoshenii-predstavitelei-nko-trebuut-aktivisty/']
yntymak.kg/ru;http://yntymak.kg/ru/?s=выборы;['http://yntymak.kg/ru/vybory-v-zhogorku-kenesh-naznacheny-na-4-oktyabrya-2020-goda/', 'http://yntymak.kg/ru/segodnya-provodyatsya-vybory-mera-goroda-kara-suu/', 'http://yntymak.kg/ru/vybory-2017-yntymak-media-group-nazvan-samym-sbalansirovannym-smi/', 'http://yntymak.kg/ru/babanov-vybory-vpervye-proshli-alternativno-nikto-ne-znal-kto-vyigraet/', 'http://yntymak.kg/ru/vybory-2017-okolo-16-000-byulletenej-priznany-nedejstvitelnymi/', 'http://yntymak.kg/ru/vybory-2017-yavka-izbiratelej-sostavlyaet-okolo-24/', 'http://yntymak.kg/ru/vybory-2017-v-oshe-otkryty-73-izbiratelnyh-uchastka/', 'http://yntymak.kg/ru/vybory-2017-vne-pomeshheniya-progolosuet-bolee-22-tysyach-kyrgyzstantsev/', 'http://yntymak.kg/ru/vybory-2017-tashiev-ofitsialno-soshel-s-prezidentskoj-gonki/', 'http://yntymak.kg/ru/vybory-2017-skolko-potratili-kandidaty-v-prezidenty-na-agitkampaniyu/', 'http://yntymak.kg/ru/vybory-2017-tsik-zaregistriroval13-kandidatov-v-prezidenty/', 'http://yntymak.kg/ru/v-kyrgyzstane-startovala-natsionalnaya-informatsionnaya-kampanii-prover-sebya-v-spiskah/']
vb.kg;https://www.vb.kg/?search=выборы;['https://www.vb.kg/doc/390908_yzarbek_jylkybaev_poydet_na_vybory_ot_partii_babanova.html', 'https://www.vb.kg/doc/390897_vybory_2020:_gympomosh_ot_partiy_mojet_priniat_formy_skrytogo_podkypa.html', 'https://www.vb.kg/doc/390879_v_pravitelstve_germanii_prokommentirovali_vybory_v_beloryssii.html', 'https://www.vb.kg/doc/390872_eto_kosmos._lykashenko_voshitilsia_kompaniey_bakievyh.html', 'https://www.vb.kg/doc/390866_ia_ne_veru_chto_vii_sozyv_bydet_lychshe._torobaev_ne_hochet_byt_depytatom.html', 'https://www.vb.kg/doc/390856_poiavilas_informaciia_chto_aleksandr_lykashenko_pokinyl_belarys.html', 'https://www.vb.kg/doc/390836_v_beloryssii_segodnia_reshitsia_sydba_kyrmanbeka_bakieva.html', 'https://www.vb.kg/doc/390829_prezident_vybral_narod_a_ne_elity.html', 'https://www.vb.kg/doc/390813_na_vyborah_2020_yvelichatsia_rashody_na_agitatorov.html', 'https://www.vb.kg/doc/390789_vybory_2020:_tekebaev_izbavilsia_ot_sarieva.html', 'https://www.vb.kg/doc/390775_v_sng_priznali_poleznym_opyt_biometrii_v_kyrgyzstane.html', 'https://www.vb.kg/doc/390762_ekspert:_lykashenko_postavil_krest_na_sblijenii_s_zapadom.html', 'https://www.vb.kg/doc/390745_respybliky_pokinyli_neskolko_depytatov.html', 'https://www.vb.kg/doc/390741_vybory_v_jk_v_period_pandemii._kybatbek_boronov_provel_soveshanie.html', 'https://www.vb.kg/doc/390722_anjelika_rasskazala_chto_ee_priglasili_na_vybory_srazy_piat_partiy.html', 'https://www.vb.kg/doc/390701_v_rossii_razvernylas_podgotovka_k_vyboram_v_parlament_kyrgyzstana.html', 'https://www.vb.kg/doc/390699_sariev_pokinyl_alians_s_ata_mekenom._ne_zahotel_byt_tenevym_liderom.html', 'https://www.vb.kg/doc/390677_v_belarysi_nachalos_dosrochnoe_golosovanie_na_prezidentskih_vyborah.html', 'https://www.vb.kg/doc/390667_nachali_s_pomoshi._chon_kazat_otkryl_novyy_resyrs_v_borbe_za_vlast.html', 'https://www.vb.kg/doc/390660_vybory_2020._v_izbiratelnom_fonde_odnoy_iz_43_h_partiy_yje_milliony_somov.html', 'https://www.vb.kg/doc/390630_v_partii_reforma_oprovergli_informaciu_o_zarybejnyh_istochnikah.html', 'https://www.vb.kg/doc/390519_cik_i_pravitelstvo_ne_vprave_ogranichivat_partii_v_provedenii_koncertov.html', 'https://www.vb.kg/doc/390481_vybory_2020._partiia_bir_bol_prezentovala_svoy_obnovlennyy_sostav.html', 'https://www.vb.kg/doc/390461_kylychbeka_syltana_podozrevaut_v_nasilstvennom_zahvate_vlasti.html', 'https://www.vb.kg/doc/390459_vybory_2020._agitaciia_bydet_prohodit_v_rejime_onlayn.html', 'https://www.vb.kg/doc/390437_nabludateli_ot_mpa_sng_bydyt_monitorit_parlamentskie_vybory_v_kyrgyzstane.html', 'https://www.vb.kg/doc/390432_ne_povlechet_li_vmeshatelstvo_izvne_v_vybory_v_jk_mejdynarodnyy_skandal.html', 'https://www.vb.kg/doc/390411_depytat_schitaet_chto_na_vyborah_v_jk_2020_bydet_minimym_izbirateley.html', 'https://www.vb.kg/doc/390397_prezident_rasstavil_vse_tochki_nad_i_mneniia_ekspertov.html', 'https://www.vb.kg/doc/390389_nabludateli_ot_mpa_sng_bydyt_monitorit_parlamentskie_vybory_v_kyrgyzstane.html', 'https://www.vb.kg/doc/390345_vybory_2020._kto_stanet_favoritom_parlamentskoy_gonki.html', 'https://www.vb.kg/doc/390320_masaliev:_vybory_v_jk_4_oktiabria_mogyt_i_ne_sostoiatsia.html', 'https://www.vb.kg/doc/390321_depytat_bekeshev:_parlament_opozdal_v_borbe_so_spekyliaciey_lekarstvami.html', 'https://www.vb.kg/doc/390310_posle_vyborov_v_belarysi_kyrmanbek_bakiev_mojet_okazatsia_v_kyrgyzstane.html', 'https://www.vb.kg/doc/390309_vybory_2020._chto_doljny_znat_izbirateli_projivaushie_za_rybejom.html', 'https://www.vb.kg/doc/390285_bakyt_torobaev_poydet_na_vybory_s_partiey_mekenim_kyrgyzstan.html', 'https://www.vb.kg/doc/390159_jeenbekov_pro_molodej:_ih_grajdanskaia_aktivnost_ochen_horoshee_iavlenie.html', 'https://www.vb.kg/doc/390157_prezident:_net_smysla_v_otstavke_pravitelstva_v_dannoe_vremia.html', 'https://www.vb.kg/doc/390155_jeenbekov:_partii_vystypaushie_protiv_vyborov_sami_proshli_registraciu.html', 'https://www.vb.kg/doc/390138_cik_sokratila_rashody_na_parlamentskie_vybory_na_285_mln_somov.html', 'https://www.vb.kg/doc/390134_tyrsynbek_akyn:_protivniki_vyborov_hotiat_nabrat_bally_deshevym_popylizmom.html', 'https://www.vb.kg/doc/390124_elvira_syrabaldieva:_politiki_manipyliryut_na_gore_i_strahe_ludey.html', 'https://www.vb.kg/doc/390098_kyrgyzstancev_v_rf_proinformirovali_naschet_vyborov_v_jogorky_kenesh.html', 'https://www.vb.kg/doc/390096_depytaty_trebyushie_otmeny_vyborov_avtomaticheski_prodlevaut_sebe_sroki.html', 'https://www.vb.kg/doc/390091_ne_nado_dramatizirovat_my_projivem_bez_parlamenta_urist_o_vyborah.html', 'https://www.vb.kg/doc/390067_feliks_kylov:_depytaty_jk_doljny_perenesti_vybory.html', 'https://www.vb.kg/doc/390049_s_deystvyushim_pravitelstvom_strana_dalshe_jit_ne_smojet.html', 'https://www.vb.kg/doc/390043_depytaty_pri_nyneshney_sityacii_v_strane_doljny_prekratit_svoi_polnomochiia.html', 'https://www.vb.kg/doc/390016_mamytkanov:_vybory_doljny_sostoiatsia_inache_jk_bydet_yje_nelegitimnym.html', 'https://www.vb.kg/doc/390013_mamasaliev:_nyneshnie_depytaty_doljny_yyti_nam_nyjno_novoe_pravitelstvo.html', 'https://www.vb.kg/doc/389999_vybory_2020:_do_oseni_nado_eshe_dojit.html', 'https://www.vb.kg/doc/389991_partiia_respyblika_otmeniaet_sezd_i_trebyet_perenosa_vyborov.html', 'https://www.vb.kg/doc/389926_halitov:_ne_pridem_k_yrnam_dlia_golosovaniia_proigraet_strana_i_narod.html', 'https://www.vb.kg/doc/389912_na_provedeniia_vyborov_v_jk_v_budjete_zalojili_732_mln._somov.html', 'https://www.vb.kg/doc/389891_obogashaem_farmkompanii._grajdane_obratilis_k_depytaty.html', 'https://www.vb.kg/doc/389882_esli_ne_stravit_par_seychas_nas_jdet_tretia_revoluciia.html', 'https://www.vb.kg/doc/389863_grajdane_trebyut_raspystit_jk_dosrochno_i_zavesti_delo_na_abylgazieva.html', 'https://www.vb.kg/doc/389820_vybory_v_jk_2020:_pir_vo_vremia_chymy.html', 'https://www.vb.kg/doc/389786_mog_byt_prezidentom_posle_atambaeva._fakty_iz_jizni_chynybaia_tyrsynbekova.html', 'https://www.vb.kg/doc/389782_parlamentariev_v_sng_proinformirovali_o_vyborah_v_jogorky_kenesh.html']
akipress.org;http://akipress.org/search/?query=выборы&place=search-header&tools=1&s=0&p=0&d=0;['//centralasia.media/news:1638471/?from=canews&place=search&sth=a354da858c8adf699c9366f9409ae93f', '//www.turmush.kg/ru/news:1638457/?from=ru_turmush&place=search&sth=a354da858c8adf699c9366f9409ae93f', '//bilim.akipress.org/ru/news:1638448/?from=ru_bilim&place=search&sth=a354da858c8adf699c9366f9409ae93f', '//centralasia.media/news:1638413/?from=canews&place=search&sth=a354da858c8adf699c9366f9409ae93f', '//kg.akipress.org/news:1638383/?from=kgnews&place=search&sth=a354da858c8adf699c9366f9409ae93f', '//centralasia.media/news:1638370/?from=canews&place=search&sth=a354da858c8adf699c9366f9409ae93f', '//kg.akipress.org/news:1638360/?from=kgnews&place=search&sth=a354da858c8adf699c9366f9409ae93f', '//centralasia.media/news:1638355/?from=canews&place=search&sth=a354da858c8adf699c9366f9409ae93f', '//bilim.akipress.org/ru/news:1630621/?from=ru_bilim&place=search&sth=a354da858c8adf699c9366f9409ae93f', '//mnenie.akipress.org/unews/un_post:17859/?from=mnenie&place=search&sth=a354da858c8adf699c9366f9409ae93f', '//mnenie.akipress.org/unews/un_post:17858/?from=mnenie&place=search&sth=a354da858c8adf699c9366f9409ae93f', '//centralasia.media/news:1638320/?from=canews&place=search&sth=a354da858c8adf699c9366f9409ae93f', '//centralasia.media/news:1638312/?from=canews&place=search&sth=a354da858c8adf699c9366f9409ae93f', '//kg.akipress.org/news:1638310/?from=kgnews&place=search&sth=a354da858c8adf699c9366f9409ae93f', '//centralasia.media/news:1638296/?from=canews&place=search&sth=a354da858c8adf699c9366f9409ae93f', '//centralasia.media/news:1638261/?from=canews&place=search&sth=a354da858c8adf699c9366f9409ae93f', '//centralasia.media/news:1638254/?from=canews&place=search&sth=a354da858c8adf699c9366f9409ae93f', '//kg.akipress.org/news:1638243/?from=kgnews&place=search&sth=a354da858c8adf699c9366f9409ae93f', '//centralasia.media/news:1638242/?from=canews&place=search&sth=a354da858c8adf699c9366f9409ae93f', '//kg.akipress.org/news:1638235/?from=kgnews&place=search&sth=a354da858c8adf699c9366f9409ae93f']
elgezit.kg;https://elgezit.kg/?s=выборы;['https://elgezit.kg/2020/07/18/prezident-zheenbekov-obyasnil-pochemu-vybory-v-zhk-dolzhny-byt-provedeny-v-ustanovlennye-sroki-nesmotrya-na-pandemiyu/', 'https://elgezit.kg/2020/07/17/tsik-utverdil-smetu-rashodov-na-vybory-v-zhogorku-kenesh/', 'https://elgezit.kg/2020/07/13/v-bishkeke-projdet-miting-s-trebovaniem-otmenit-vybory-v-zhogorku-kenesh-i-obyavit-rezhim-chp/', 'https://elgezit.kg/2020/07/11/organizatsiya-vyborov-i-smeta-rashodov-na-vybory-budut-optimizirovany-s-uchetom-tekushhej-situatsii-tsik/', 'https://elgezit.kg/2020/07/06/pandemiya-vybory-matraimov-chem-zhivut-sotsseti/', 'https://elgezit.kg/2020/06/12/v-kazahstane-na-12-avgusta-naznacheny-vybory-deputatov-v-senat-parlamenta/', 'https://elgezit.kg/2020/06/05/temir-sariev-i-zhanar-akaev-pojdut-na-vybory-vmeste-s-ata-mekenom-vse-detali/', 'https://elgezit.kg/2020/06/05/tekebaev-sariev-i-akaev-obedinilis-i-vmeste-pojdut-na-vybory/', 'https://elgezit.kg/2020/04/22/ukaz-zheenbekova-priostanovit-vybory-mestnyh-keneshej-narushenie-konstitutsii-ili-prezidentskoe-pravo/', 'https://elgezit.kg/2020/04/19/aaly-karashev-lyudej-bolshe-zabotit-vopros-kak-prokormit-sebya-i-svoyu-semyu-chem-vopros-projdut-vybory-v-srok-ili-net/', 'https://elgezit.kg/2020/04/13/mirlan-zheenchoroev-vybory-v-parlament-nuzhno-provodit-obyazatelno-inache-my-narushim-konstitutsiyu/', 'https://elgezit.kg/2020/04/07/dastan-bekeshev-v-konstitutsii-ne-propisano-chto-delat-v-usloviyah-pandemii-koronavirusa-vybory-v-parlament-sleduet-perenesti-na-aprel-2021-goda/', 'https://elgezit.kg/2020/04/06/pandemiya-covid-19-i-ee-vliyanie-na-vybory-2020/', 'https://elgezit.kg/2020/03/24/sostoyatsya-li-vybory-2020/']
media-center.kg;https://media-center.kg/ru/search?query=выборы;[]
media-center.kg;https://media-center.kg/ru/search?query=выборы;['/ru', '/ru', '/ru/news', '/ru/category/politics', '/ru/category/economy', '/ru/category/world', '/ru/category/sport', '/ru/category/culture', '/ru/category/interview', '/ru/category/society', '/ru/category/region', '/ru/category/incident', '/ru/category/coronavirus-2020', '/ru/category/multimedia', '/ru/category/video', '/ru/category/photoreport', '/ru/category/opinions', '/ru/category/voting-2020', '/kg', '/ru', 'https://www.facebook.com/mcenterKG/', 'https://www.instagram.com/mediacenter_kg/?hl=ru', 'https://twitter.com/MEDIACENTER_KG', 'https://www.youtube.com/channel/UCK2T6xwP3gHHPmhbwvwyzLA?view_as=subscriber', '/ru/category/world', '/ru/news/Tri-prezidenta-pozdravili-Lukashenko-s-pobedoy-na-viborah-1086290255', '/ru/news/Tri-prezidenta-pozdravili-Lukashenko-s-pobedoy-na-viborah-1086290255', None, '/ru/category/world', '/ru/news/Situatsiya-s-aktsiyami-protestov-vzyata-pod-kontrol--MVD-Belarusi-2020264319', '/ru/news/Situatsiya-s-aktsiyami-protestov-vzyata-pod-kontrol--MVD-Belarusi-2020264319', None, '/ru/category/world', '/ru/news/Opredelena-data-viborov-prezidenta-Tadzhikistana-1618590366', '/ru/news/Opredelena-data-viborov-prezidenta-Tadzhikistana-1618590366', None, '/ru/category/voting-2020', '/ru/news/Obrazovan-respublikanskiy-shtab-po-okazaniyu-sodeystviya-izbiratelnim-komissiyam-1843636820', '/ru/news/Obrazovan-respublikanskiy-shtab-po-okazaniyu-sodeystviya-izbiratelnim-komissiyam-1843636820', None, '/ru/category/society', '/ru/news/Ishak-Masaliev-reshil-provesti-sotsopros-Hochet-li-narod-videt-ego-deputatom-VII-soziva--1302235212', '/ru/news/Ishak-Masaliev-reshil-provesti-sotsopros-Hochet-li-narod-videt-ego-deputatom-VII-soziva--1302235212', None, '/ru/category/sport', '/ru/news/Rukovodstvu-Barseloni-obyavyat-votum-nedoveriya-1881582921', '/ru/news/Rukovodstvu-Barseloni-obyavyat-votum-nedoveriya-1881582921', None, '/ru/category/voting-2020', '/ru/news/V-TSIK-rabotaet-obshchestvennaya-priemnaya-2072977179', '/ru/news/V-TSIK-rabotaet-obshchestvennaya-priemnaya-2072977179', None, '/ru/category/voting-2020', '/ru/news/Itogi-oprosa-CHitateli-schitayut-chto-vibori-dolzhni-bit-provedeni-vovremya-1423257750', '/ru/news/Itogi-oprosa-CHitateli-schitayut-chto-vibori-dolzhni-bit-provedeni-vovremya-1423257750', None, '/ru/category/voting-2020', '/ru/news/V-Belorussii-prizivayut-razorvat-soyuzniy-dogovor-s-Rossiey-1390643256', '/ru/news/V-Belorussii-prizivayut-razorvat-soyuzniy-dogovor-s-Rossiey-1390643256', None, '/ru/category/voting-2020', '/ru/news/Opros-Sleduet-li-otlozhit-parlamentskie-vibori--1547799470', '/ru/news/Opros-Sleduet-li-otlozhit-parlamentskie-vibori--1547799470', None, '/ru/category/opinions', '/ru/news/CHubak-azhi---naslednik-Prorokov-953979237', '/ru/news/CHubak-azhi---naslednik-Prorokov-953979237', None, '/ru/category/voting-2020', '/ru/news/MVD-sdelalo-zayavlenie-po-povodu-zaderzhaniya-uchastnikov-mitinga-na-ploshchadi-Ala-Too-1559965100', '/ru/news/MVD-sdelalo-zayavlenie-po-povodu-zaderzhaniya-uchastnikov-mitinga-na-ploshchadi-Ala-Too-1559965100', None, '/ru/category/voting-2020', '/ru/news/Mirlan-ZHeenchoroev-trebuet-otlozhit-parlamentskie-vibori-204975078', '/ru/news/Mirlan-ZHeenchoroev-trebuet-otlozhit-parlamentskie-vibori-204975078', None, '/ru/category/voting-2020', '/ru/news/Politolog-Bez-viborov-v-ZHK-mi-poluchim-dzhungli-gde-zhivut-po-printsipu-kto-silnee-tot-i-prav-350436882', '/ru/news/Politolog-Bez-viborov-v-ZHK-mi-poluchim-dzhungli-gde-zhivut-po-printsipu-kto-silnee-tot-i-prav-350436882', None, '/ru/category/opinions', '/ru/news/Tursunbek-Akun-Obyavlenie-viborov--eto-polnomochiya-i-obyazannost-glavi-gosudarstva-916890714', '/ru/news/Tursunbek-Akun-Obyavlenie-viborov--eto-polnomochiya-i-obyazannost-glavi-gosudarstva-916890714', None, '/ru/category/politics', '/ru/news/Partiya-Birimdik-soobshchila-o-svoem-uchastii-na-viborah---TSIK-600840600', '/ru/news/Partiya-Birimdik-soobshchila-o-svoem-uchastii-na-viborah---TSIK-600840600', None, '/ru/category/voting-2020', '/ru/news/Eshche-11-politicheskih-partiy-podali-zayavlenie-v-TSIK-ob-uchastii-v-viborah-ZHK-1321376839', '/ru/news/Eshche-11-politicheskih-partiy-podali-zayavlenie-v-TSIK-ob-uchastii-v-viborah-ZHK-1321376839', None, '?query=%D0%B2%D1%8B%D0%B1%D0%BE%D1%80%D1%8B&page=1', '?query=%D0%B2%D1%8B%D0%B1%D0%BE%D1%80%D1%8B&page=1', '?query=%D0%B2%D1%8B%D0%B1%D0%BE%D1%80%D1%8B&page=2', '?query=%D0%B2%D1%8B%D0%B1%D0%BE%D1%80%D1%8B&page=3', '?query=%D0%B2%D1%8B%D0%B1%D0%BE%D1%80%D1%8B&page=4', '?query=%D0%B2%D1%8B%D0%B1%D0%BE%D1%80%D1%8B&page=4', 'https://www.facebook.com/mcenterKG/', 'https://www.facebook.com/mcenterKG/', 'https://twitter.com/MEDIACENTER_KG', 'https://twitter.com/MEDIACENTER_KG', 'https://www.instagram.com/mediacenter_kg/?hl=ru', 'https://www.instagram.com/mediacenter_kg/?hl=ru', 'https://www.youtube.com/channel/UCK2T6xwP3gHHPmhbwvwyzLA?view_as=subscriber', 'https://www.youtube.com/channel/UCK2T6xwP3gHHPmhbwvwyzLA?view_as=subscriber', '/ru/category/economy', '/ru/news/Kirgizstan-planiruet-pokupat-elektroenergiyu-u-Kazahstana-1222774467', '/ru/news/Kirgizstan-planiruet-pokupat-elektroenergiyu-u-Kazahstana-1222774467', None, '/ru/category/society', '/ru/news/Ne-nravitsya--Vihodite---V-Bishkeke-voditel-marshrutnogo-taksi-podnyal-tsenu-za-proezd-do-20-somov-VIDEO-246172087', '/ru/news/Ne-nravitsya--Vihodite---V-Bishkeke-voditel-marshrutnogo-taksi-podnyal-tsenu-za-proezd-do-20-somov-VIDEO-246172087', None, '/ru/ads/j161x4ZzrQxThPIelPhTgc3KeBrCPbf0', '/ru/category/society', '/ru/news/Minkult-podschital-skolko-kirgizstantsev-stali-virtualnimi-chitatelyami-v-bibliotekah-1823358392', '/ru/news/Minkult-podschital-skolko-kirgizstantsev-stali-virtualnimi-chitatelyami-v-bibliotekah-1823358392', None, '/ru/category/society', '/ru/news/V-Osh-iz-Moskvi-pribilo-245-kirgizstantsev-1522684241', '/ru/news/V-Osh-iz-Moskvi-pribilo-245-kirgizstantsev-1522684241', None, 'tel:+996507766636', 'tel:+996776766636', 'mailto:mcenter.kg@gmail.com', '/ru/category/society', '/ru/news/Parnya-hvastavshegosya-tem-chto-ubil-belih-aistov-zaderzhali-1393471981', '/ru/news/Parnya-hvastavshegosya-tem-chto-ubil-belih-aistov-zaderzhali-1393471981', None, '/ru/category/economy', '/ru/news/S-oktyabrya-v-Kirgizstane-povisyatsya-pensii-914655342', '/ru/news/S-oktyabrya-v-Kirgizstane-povisyatsya-pensii-914655342', None, 'http://odigital.dev', 'https://metrika.yandex.ru/stat/?id=60923032&from=informer']
media-center.kg;https://media-center.kg/ru/search?query=выборы;['/ru/category/world', '/ru/category/world', '/ru/category/world', '/ru/category/voting-2020', '/ru/category/society', '/ru/category/sport', '/ru/category/voting-2020', '/ru/category/voting-2020', '/ru/category/voting-2020', '/ru/category/voting-2020', '/ru/category/opinions', '/ru/category/voting-2020', '/ru/category/voting-2020', '/ru/category/voting-2020', '/ru/category/opinions', '/ru/category/politics', '/ru/category/voting-2020', '/ru/category/economy', '/ru/category/society', '/ru/category/society', '/ru/category/society', '/ru/category/society', '/ru/category/economy']
media-center.kg;https://media-center.kg/ru/search?query=выборы;[]
media-center.kg;https://media-center.kg/ru/search?query=выборы;['/ru/category/world', '/ru/category/world', '/ru/category/world', '/ru/category/voting-2020', '/ru/category/society', '/ru/category/sport', '/ru/category/voting-2020', '/ru/category/voting-2020', '/ru/category/voting-2020', '/ru/category/voting-2020', '/ru/category/opinions', '/ru/category/voting-2020', '/ru/category/voting-2020', '/ru/category/voting-2020', '/ru/category/opinions', '/ru/category/politics', '/ru/category/voting-2020', '/ru/category/economy', '/ru/category/society', '/ru/category/society', '/ru/category/society', '/ru/category/society', '/ru/category/economy']
media-center.kg;https://media-center.kg/ru/search?query=выборы;[]
media-center.kg;https://media-center.kg/ru/search?query=выборы;['/ru/news/Tri-prezidenta-pozdravili-Lukashenko-s-pobedoy-na-viborah-1086290255', '/ru/news/Situatsiya-s-aktsiyami-protestov-vzyata-pod-kontrol--MVD-Belarusi-2020264319', '/ru/news/Opredelena-data-viborov-prezidenta-Tadzhikistana-1618590366', '/ru/news/Obrazovan-respublikanskiy-shtab-po-okazaniyu-sodeystviya-izbiratelnim-komissiyam-1843636820', '/ru/news/Ishak-Masaliev-reshil-provesti-sotsopros-Hochet-li-narod-videt-ego-deputatom-VII-soziva--1302235212', '/ru/news/Rukovodstvu-Barseloni-obyavyat-votum-nedoveriya-1881582921', '/ru/news/V-TSIK-rabotaet-obshchestvennaya-priemnaya-2072977179', '/ru/news/Itogi-oprosa-CHitateli-schitayut-chto-vibori-dolzhni-bit-provedeni-vovremya-1423257750', '/ru/news/V-Belorussii-prizivayut-razorvat-soyuzniy-dogovor-s-Rossiey-1390643256', '/ru/news/Opros-Sleduet-li-otlozhit-parlamentskie-vibori--1547799470', '/ru/news/CHubak-azhi---naslednik-Prorokov-953979237', '/ru/news/MVD-sdelalo-zayavlenie-po-povodu-zaderzhaniya-uchastnikov-mitinga-na-ploshchadi-Ala-Too-1559965100', '/ru/news/Mirlan-ZHeenchoroev-trebuet-otlozhit-parlamentskie-vibori-204975078', '/ru/news/Politolog-Bez-viborov-v-ZHK-mi-poluchim-dzhungli-gde-zhivut-po-printsipu-kto-silnee-tot-i-prav-350436882', '/ru/news/Tursunbek-Akun-Obyavlenie-viborov--eto-polnomochiya-i-obyazannost-glavi-gosudarstva-916890714', '/ru/news/Partiya-Birimdik-soobshchila-o-svoem-uchastii-na-viborah---TSIK-600840600', '/ru/news/Eshche-11-politicheskih-partiy-podali-zayavlenie-v-TSIK-ob-uchastii-v-viborah-ZHK-1321376839', '/ru/news/Meriya-nashla-voditelya-marshrutki-258-kotoriy-nabival-salon-passazhirami-1567911915', '/ru/news/Kirgizstan-planiruet-pokupat-elektroenergiyu-u-Kazahstana-1222774467', '/ru/news/Ne-nravitsya--Vihodite---V-Bishkeke-voditel-marshrutnogo-taksi-podnyal-tsenu-za-proezd-do-20-somov-VIDEO-246172087', '/ru/news/Minkult-podschital-skolko-kirgizstantsev-stali-virtualnimi-chitatelyami-v-bibliotekah-1823358392', '/ru/news/Parnya-hvastavshegosya-tem-chto-ubil-belih-aistov-zaderzhali-1393471981', '/ru/news/S-oktyabrya-v-Kirgizstane-povisyatsya-pensii-914655342']
media-center.kg;https://media-center.kg/ru/search?query=выборы;['/ru/news/Tri-prezidenta-pozdravili-Lukashenko-s-pobedoy-na-viborah-1086290255', '/ru/news/Situatsiya-s-aktsiyami-protestov-vzyata-pod-kontrol--MVD-Belarusi-2020264319', '/ru/news/Opredelena-data-viborov-prezidenta-Tadzhikistana-1618590366', '/ru/news/Obrazovan-respublikanskiy-shtab-po-okazaniyu-sodeystviya-izbiratelnim-komissiyam-1843636820', '/ru/news/Ishak-Masaliev-reshil-provesti-sotsopros-Hochet-li-narod-videt-ego-deputatom-VII-soziva--1302235212', '/ru/news/Rukovodstvu-Barseloni-obyavyat-votum-nedoveriya-1881582921', '/ru/news/V-TSIK-rabotaet-obshchestvennaya-priemnaya-2072977179', '/ru/news/Itogi-oprosa-CHitateli-schitayut-chto-vibori-dolzhni-bit-provedeni-vovremya-1423257750', '/ru/news/V-Belorussii-prizivayut-razorvat-soyuzniy-dogovor-s-Rossiey-1390643256', '/ru/news/Opros-Sleduet-li-otlozhit-parlamentskie-vibori--1547799470', '/ru/news/CHubak-azhi---naslednik-Prorokov-953979237', '/ru/news/MVD-sdelalo-zayavlenie-po-povodu-zaderzhaniya-uchastnikov-mitinga-na-ploshchadi-Ala-Too-1559965100', '/ru/news/Mirlan-ZHeenchoroev-trebuet-otlozhit-parlamentskie-vibori-204975078', '/ru/news/Politolog-Bez-viborov-v-ZHK-mi-poluchim-dzhungli-gde-zhivut-po-printsipu-kto-silnee-tot-i-prav-350436882', '/ru/news/Tursunbek-Akun-Obyavlenie-viborov--eto-polnomochiya-i-obyazannost-glavi-gosudarstva-916890714', '/ru/news/Partiya-Birimdik-soobshchila-o-svoem-uchastii-na-viborah---TSIK-600840600', '/ru/news/Eshche-11-politicheskih-partiy-podali-zayavlenie-v-TSIK-ob-uchastii-v-viborah-ZHK-1321376839', '/ru/news/Meriya-nashla-voditelya-marshrutki-258-kotoriy-nabival-salon-passazhirami-1567911915', '/ru/news/Kirgizstan-planiruet-pokupat-elektroenergiyu-u-Kazahstana-1222774467', '/ru/news/Ne-nravitsya--Vihodite---V-Bishkeke-voditel-marshrutnogo-taksi-podnyal-tsenu-za-proezd-do-20-somov-VIDEO-246172087', '/ru/news/Minkult-podschital-skolko-kirgizstantsev-stali-virtualnimi-chitatelyami-v-bibliotekah-1823358392', '/ru/news/Parnya-hvastavshegosya-tem-chto-ubil-belih-aistov-zaderzhali-1393471981', '/ru/news/S-oktyabrya-v-Kirgizstane-povisyatsya-pensii-914655342']
media-center.kg;https://media-center.kg/ru/search?query=выборы;[]
media-center.kg;https://media-center.kg/ru/search?query=выборы;[]
media-center.kg;https://media-center.kg/ru/search?query=выборы;[]
media-center.kg;https://media-center.kg/ru/search?query=выборы;[]
media-center.kg;https://media-center.kg/ru/search?query=выборы;[]
media-center.kg;https://media-center.kg/ru/search?query=выборы;[]
media-center.kg;https://media-center.kg/ru/search?query=выборы;[]
media-center.kg;https://media-center.kg/ru/search?query=выборы;[]
media-center.kg;https://media-center.kg/ru/search?query=выборы;['/ru/news/Tri-prezidenta-pozdravili-Lukashenko-s-pobedoy-na-viborah-1086290255', '/ru/news/Situatsiya-s-aktsiyami-protestov-vzyata-pod-kontrol--MVD-Belarusi-2020264319', '/ru/news/Opredelena-data-viborov-prezidenta-Tadzhikistana-1618590366', '/ru/news/Obrazovan-respublikanskiy-shtab-po-okazaniyu-sodeystviya-izbiratelnim-komissiyam-1843636820', '/ru/news/Ishak-Masaliev-reshil-provesti-sotsopros-Hochet-li-narod-videt-ego-deputatom-VII-soziva--1302235212', '/ru/news/Rukovodstvu-Barseloni-obyavyat-votum-nedoveriya-1881582921', '/ru/news/V-TSIK-rabotaet-obshchestvennaya-priemnaya-2072977179', '/ru/news/Itogi-oprosa-CHitateli-schitayut-chto-vibori-dolzhni-bit-provedeni-vovremya-1423257750', '/ru/news/V-Belorussii-prizivayut-razorvat-soyuzniy-dogovor-s-Rossiey-1390643256', '/ru/news/Opros-Sleduet-li-otlozhit-parlamentskie-vibori--1547799470', '/ru/news/CHubak-azhi---naslednik-Prorokov-953979237', '/ru/news/MVD-sdelalo-zayavlenie-po-povodu-zaderzhaniya-uchastnikov-mitinga-na-ploshchadi-Ala-Too-1559965100', '/ru/news/Mirlan-ZHeenchoroev-trebuet-otlozhit-parlamentskie-vibori-204975078', '/ru/news/Politolog-Bez-viborov-v-ZHK-mi-poluchim-dzhungli-gde-zhivut-po-printsipu-kto-silnee-tot-i-prav-350436882', '/ru/news/Tursunbek-Akun-Obyavlenie-viborov--eto-polnomochiya-i-obyazannost-glavi-gosudarstva-916890714', '/ru/news/Partiya-Birimdik-soobshchila-o-svoem-uchastii-na-viborah---TSIK-600840600', '/ru/news/Eshche-11-politicheskih-partiy-podali-zayavlenie-v-TSIK-ob-uchastii-v-viborah-ZHK-1321376839']
media-center.kg;https://media-center.kg/ru/search?query=выборы;[]
media-center.kg;https://media-center.kg/ru/search?query=выборы;[]
media-center.kg;https://media-center.kg/ru/search?query=выборы;[]
media-center.kg;https://media-center.kg/ru/search?query=выборы;[]
media-center.kg;https://media-center.kg/ru/search?query=выборы;[]
media-center.kg;https://media-center.kg/ru/search?query=выборы;[]
media-center.kg;https://media-center.kg/ru/search?query=выборы;['/ru/news/Tri-prezidenta-pozdravili-Lukashenko-s-pobedoy-na-viborah-1086290255', '/ru/news/Situatsiya-s-aktsiyami-protestov-vzyata-pod-kontrol--MVD-Belarusi-2020264319', '/ru/news/Opredelena-data-viborov-prezidenta-Tadzhikistana-1618590366', '/ru/news/Obrazovan-respublikanskiy-shtab-po-okazaniyu-sodeystviya-izbiratelnim-komissiyam-1843636820', '/ru/news/Ishak-Masaliev-reshil-provesti-sotsopros-Hochet-li-narod-videt-ego-deputatom-VII-soziva--1302235212', '/ru/news/Rukovodstvu-Barseloni-obyavyat-votum-nedoveriya-1881582921', '/ru/news/V-TSIK-rabotaet-obshchestvennaya-priemnaya-2072977179', '/ru/news/Itogi-oprosa-CHitateli-schitayut-chto-vibori-dolzhni-bit-provedeni-vovremya-1423257750', '/ru/news/V-Belorussii-prizivayut-razorvat-soyuzniy-dogovor-s-Rossiey-1390643256', '/ru/news/Opros-Sleduet-li-otlozhit-parlamentskie-vibori--1547799470', '/ru/news/CHubak-azhi---naslednik-Prorokov-953979237', '/ru/news/MVD-sdelalo-zayavlenie-po-povodu-zaderzhaniya-uchastnikov-mitinga-na-ploshchadi-Ala-Too-1559965100', '/ru/news/Mirlan-ZHeenchoroev-trebuet-otlozhit-parlamentskie-vibori-204975078', '/ru/news/Politolog-Bez-viborov-v-ZHK-mi-poluchim-dzhungli-gde-zhivut-po-printsipu-kto-silnee-tot-i-prav-350436882', '/ru/news/Tursunbek-Akun-Obyavlenie-viborov--eto-polnomochiya-i-obyazannost-glavi-gosudarstva-916890714', '/ru/news/Partiya-Birimdik-soobshchila-o-svoem-uchastii-na-viborah---TSIK-600840600', '/ru/news/Eshche-11-politicheskih-partiy-podali-zayavlenie-v-TSIK-ob-uchastii-v-viborah-ZHK-1321376839']
knews.kg;https://knews.kg/search_gcse/?q=выборы;[]
knews.kg;https://knews.kg/search_gcse/?q=выборы;[]
knews.kg;https://knews.kg/search_gcse/?q=выборы;[]
knews.kg;https://knews.kg/search_gcse/?q=выборы;[]
knews.kg;https://knews.kg/search_gcse/?q=выборы;[]
knews.kg;https://knews.kg/search_gcse/?q=выборы;[]
knews.kg;https://knews.kg/search_gcse/?q=выборы;['https://www.net.kg/stat.php?id=4910&fromsite=4910', '#', 'https://knews.kg/', 'https://knews.kg/vlast/', 'https://knews.kg/society/', 'https://knews.kg/action/', 'https://knews.kg/business/', 'https://knews.kg/interesno/mir/', 'https://knews.kg/interesno/entertaiment/', 'http://saat.kg', 'http://facebook.com/knews.kg', 'http://instagram.com/knews.kg', 'http://twitter.com/knews_kg', 'https://www.youtube.com/channel/UC-qmso89gNNbnlCrdWEOE0A', '/about', '/reklama', '/report', '#', 'https://knews.kg/', 'https://knews.kg/', 'https://knews.kg/vlast/', 'https://knews.kg/society/', 'https://knews.kg/action/', 'https://knews.kg/business/', 'https://knews.kg/interesno/mir/', 'https://knews.kg/interesno/entertaiment/', 'http://saat.kg', '#', 'https://knews.kg/2020/08/12/v-kyrgyzstane-za-sutki-vyyavili-304-sluchaya-zarazheniya-covid-19/', 'https://knews.kg/2020/08/12/kompaniya-aknet-peredala-minzdravu-kyrgyzstana-mashinu-skoroj-meditsinskoj-pomoshhi-i-kislorodnye-kontsentratory/', 'https://knews.kg/2020/08/11/za-proshedshie-sutki-v-kyrgyzstane-zafiksirovali-278-novyh-zarazhenij-koronavirusom/', 'https://knews.kg/2020/08/10/v-kyrgyzstane-za-sutki-zaregistrirovali-258-zabolevshih-covid-19/', 'https://knews.kg/2020/08/12/v-kyrgyzstane-za-sutki-vyyavili-304-sluchaya-zarazheniya-covid-19/', 'https://knews.kg/2020/08/12/v-kyrgyzstane-za-sutki-vyyavili-304-sluchaya-zarazheniya-covid-19/', 'https://knews.kg/author/user12/', 'https://knews.kg/2020/08/07/v-kyrgyzstane-zafiksirovali-503-novyh-zabolevshih-koronavirusom/', 'https://knews.kg/2020/08/07/v-kyrgyzstane-zafiksirovali-503-novyh-zabolevshih-koronavirusom/', 'https://knews.kg/author/user12/', 'https://knews.kg/2020/08/09/v-kyrgyzstane-vyyavili-eshhyo-332-novyh-zabolevshih-koronavirusom-skonchalis-8-chelovek/', 'https://knews.kg/2020/08/08/v-kyrgyzstane-vyyavili-eshhyo-425-novyh-sluchaev-zarazhenij-koronavirusom/', 'https://knews.kg/2020/08/07/v-kyrgyzstane-zafiksirovali-503-novyh-zabolevshih-koronavirusom/', 'https://knews.kg/2020/08/06/za-proshedshie-sutki-v-kyrgyzstane-vyyavleno-549-novyh-sluchaev-koronavirusa/', '#', 'https://knews.kg/', 'tel:+996312986970', 'mailto:info@knews.kg', 'tel:+996550383875', 'mailto:pr@knews.kg', 'mailto:info@knews.kg', 'http://facebook.com/knews.kg', 'http://instagram.com/knews.kg', 'http://twitter.com/knews_kg', 'https://www.youtube.com/channel/UC-qmso89gNNbnlCrdWEOE0A']
knews.kg;https://knews.kg/search_gcse/?q=выборы;[]
knews.kg;https://knews.kg/search_gcse/?q=выборы;[]
knews.kg;https://knews.kg/search_gcse/?q=выборы;[]
knews.kg;https://knews.kg/search_gcse/?q=выборы;[]
knews.kg;https://knews.kg/search_gcse/?q=выборы;[]
knews.kg;https://knews.kg/search_gcse/?q=выборы;[]
knews.kg;https://knews.kg/search_gcse/?q=выборы;[]
knews.kg;https://knews.kg/search_gcse/?q=выборы;[]
knews.kg;https://knews.kg/search_gcse/?q=выборы;[]
knews.kg;https://knews.kg/search_gcse/?q=выборы;[]
knews.kg;https://knews.kg/search_gcse/?q=выборы;[]
knews.kg;https://knews.kg/search_gcse/?q=выборы;[]
knews.kg;https://knews.kg/search_gcse/?q=выборы;[]
knews.kg;https://knews.kg/search_gcse/?q=выборы;[]
knews.kg;https://knews.kg/search_gcse/?q=выборы;[]
knews.kg;https://knews.kg/search_gcse/?q=выборы;[]
media-center.kg;https://media-center.kg/ru/search?query=выборы;['/ru/news/Tri-prezidenta-pozdravili-Lukashenko-s-pobedoy-na-viborah-1086290255', '/ru/news/Situatsiya-s-aktsiyami-protestov-vzyata-pod-kontrol--MVD-Belarusi-2020264319', '/ru/news/Opredelena-data-viborov-prezidenta-Tadzhikistana-1618590366', '/ru/news/Obrazovan-respublikanskiy-shtab-po-okazaniyu-sodeystviya-izbiratelnim-komissiyam-1843636820', '/ru/news/Ishak-Masaliev-reshil-provesti-sotsopros-Hochet-li-narod-videt-ego-deputatom-VII-soziva--1302235212', '/ru/news/Rukovodstvu-Barseloni-obyavyat-votum-nedoveriya-1881582921', '/ru/news/V-TSIK-rabotaet-obshchestvennaya-priemnaya-2072977179', '/ru/news/Itogi-oprosa-CHitateli-schitayut-chto-vibori-dolzhni-bit-provedeni-vovremya-1423257750', '/ru/news/V-Belorussii-prizivayut-razorvat-soyuzniy-dogovor-s-Rossiey-1390643256', '/ru/news/Opros-Sleduet-li-otlozhit-parlamentskie-vibori--1547799470', '/ru/news/CHubak-azhi---naslednik-Prorokov-953979237', '/ru/news/MVD-sdelalo-zayavlenie-po-povodu-zaderzhaniya-uchastnikov-mitinga-na-ploshchadi-Ala-Too-1559965100', '/ru/news/Mirlan-ZHeenchoroev-trebuet-otlozhit-parlamentskie-vibori-204975078', '/ru/news/Politolog-Bez-viborov-v-ZHK-mi-poluchim-dzhungli-gde-zhivut-po-printsipu-kto-silnee-tot-i-prav-350436882', '/ru/news/Tursunbek-Akun-Obyavlenie-viborov--eto-polnomochiya-i-obyazannost-glavi-gosudarstva-916890714', '/ru/news/Partiya-Birimdik-soobshchila-o-svoem-uchastii-na-viborah---TSIK-600840600', '/ru/news/Eshche-11-politicheskih-partiy-podali-zayavlenie-v-TSIK-ob-uchastii-v-viborah-ZHK-1321376839']
media-center.kg;https://media-center.kg/ru/search?query=выборы;['https://media-center.kg/ru/news/Tri-prezidenta-pozdravili-Lukashenko-s-pobedoy-na-viborah-1086290255', 'https://media-center.kg/ru/news/Situatsiya-s-aktsiyami-protestov-vzyata-pod-kontrol--MVD-Belarusi-2020264319', 'https://media-center.kg/ru/news/Opredelena-data-viborov-prezidenta-Tadzhikistana-1618590366', 'https://media-center.kg/ru/news/Obrazovan-respublikanskiy-shtab-po-okazaniyu-sodeystviya-izbiratelnim-komissiyam-1843636820', 'https://media-center.kg/ru/news/Ishak-Masaliev-reshil-provesti-sotsopros-Hochet-li-narod-videt-ego-deputatom-VII-soziva--1302235212', 'https://media-center.kg/ru/news/Rukovodstvu-Barseloni-obyavyat-votum-nedoveriya-1881582921', 'https://media-center.kg/ru/news/V-TSIK-rabotaet-obshchestvennaya-priemnaya-2072977179', 'https://media-center.kg/ru/news/Itogi-oprosa-CHitateli-schitayut-chto-vibori-dolzhni-bit-provedeni-vovremya-1423257750', 'https://media-center.kg/ru/news/V-Belorussii-prizivayut-razorvat-soyuzniy-dogovor-s-Rossiey-1390643256', 'https://media-center.kg/ru/news/Opros-Sleduet-li-otlozhit-parlamentskie-vibori--1547799470', 'https://media-center.kg/ru/news/CHubak-azhi---naslednik-Prorokov-953979237', 'https://media-center.kg/ru/news/MVD-sdelalo-zayavlenie-po-povodu-zaderzhaniya-uchastnikov-mitinga-na-ploshchadi-Ala-Too-1559965100', 'https://media-center.kg/ru/news/Mirlan-ZHeenchoroev-trebuet-otlozhit-parlamentskie-vibori-204975078', 'https://media-center.kg/ru/news/Politolog-Bez-viborov-v-ZHK-mi-poluchim-dzhungli-gde-zhivut-po-printsipu-kto-silnee-tot-i-prav-350436882', 'https://media-center.kg/ru/news/Tursunbek-Akun-Obyavlenie-viborov--eto-polnomochiya-i-obyazannost-glavi-gosudarstva-916890714', 'https://media-center.kg/ru/news/Partiya-Birimdik-soobshchila-o-svoem-uchastii-na-viborah---TSIK-600840600', 'https://media-center.kg/ru/news/Eshche-11-politicheskih-partiy-podali-zayavlenie-v-TSIK-ob-uchastii-v-viborah-ZHK-1321376839']
knews.kg;https://knews.kg/search_gcse/?q=выборы;['https://www.net.kg/stat.php?id=4910&fromsite=4910', '#', 'https://knews.kg/', 'https://knews.kg/vlast/', 'https://knews.kg/society/', 'https://knews.kg/action/', 'https://knews.kg/business/', 'https://knews.kg/interesno/mir/', 'https://knews.kg/interesno/entertaiment/', 'http://saat.kg', 'http://facebook.com/knews.kg', 'http://instagram.com/knews.kg', 'http://twitter.com/knews_kg', 'https://www.youtube.com/channel/UC-qmso89gNNbnlCrdWEOE0A', '/about', '/reklama', '/report', '#', 'https://knews.kg/', 'https://knews.kg/', 'https://knews.kg/vlast/', 'https://knews.kg/society/', 'https://knews.kg/action/', 'https://knews.kg/business/', 'https://knews.kg/interesno/mir/', 'https://knews.kg/interesno/entertaiment/', 'http://saat.kg', '#', 'https://knews.kg/2020/08/12/v-kyrgyzstane-za-sutki-vyyavili-304-sluchaya-zarazheniya-covid-19/', 'https://knews.kg/2020/08/12/kompaniya-aknet-peredala-minzdravu-kyrgyzstana-mashinu-skoroj-meditsinskoj-pomoshhi-i-kislorodnye-kontsentratory/', 'https://knews.kg/2020/08/11/za-proshedshie-sutki-v-kyrgyzstane-zafiksirovali-278-novyh-zarazhenij-koronavirusom/', 'https://knews.kg/2020/08/10/v-kyrgyzstane-za-sutki-zaregistrirovali-258-zabolevshih-covid-19/', 'https://knews.kg/2020/08/11/za-proshedshie-sutki-v-kyrgyzstane-zafiksirovali-278-novyh-zarazhenij-koronavirusom/', 'https://knews.kg/2020/08/11/za-proshedshie-sutki-v-kyrgyzstane-zafiksirovali-278-novyh-zarazhenij-koronavirusom/', 'https://knews.kg/author/user12/', 'https://knews.kg/2020/08/08/v-kyrgyzstane-vyyavili-eshhyo-425-novyh-sluchaev-zarazhenij-koronavirusom/', 'https://knews.kg/2020/08/08/v-kyrgyzstane-vyyavili-eshhyo-425-novyh-sluchaev-zarazhenij-koronavirusom/', 'https://knews.kg/author/user12/', 'https://knews.kg/2020/08/09/v-kyrgyzstane-vyyavili-eshhyo-332-novyh-zabolevshih-koronavirusom-skonchalis-8-chelovek/', 'https://knews.kg/2020/08/08/v-kyrgyzstane-vyyavili-eshhyo-425-novyh-sluchaev-zarazhenij-koronavirusom/', 'https://knews.kg/2020/08/07/v-kyrgyzstane-zafiksirovali-503-novyh-zabolevshih-koronavirusom/', 'https://knews.kg/2020/08/06/za-proshedshie-sutki-v-kyrgyzstane-vyyavleno-549-novyh-sluchaev-koronavirusa/', '#', 'https://knews.kg/', 'tel:+996312986970', 'mailto:info@knews.kg', 'tel:+996550383875', 'mailto:pr@knews.kg', 'mailto:info@knews.kg', 'http://facebook.com/knews.kg', 'http://instagram.com/knews.kg', 'http://twitter.com/knews_kg', 'https://www.youtube.com/channel/UC-qmso89gNNbnlCrdWEOE0A']
knews.kg;https://knews.kg/search_gcse/?q=выборы;[]
knews.kg;https://knews.kg/search_gcse/?q=выборы;[]
knews.kg;https://knews.kg/search_gcse/?q=выборы;[]
knews.kg;https://knews.kg/search_gcse/?q=выборы;[]
knews.kg;https://knews.kg/search_gcse/?q=выборы;[]
reporter.kg;https://ru.reporter.kg/?s=выборы;[]
reporter.kg;https://ru.reporter.kg/?s=выборы;[]
reporter.kg;https://ru.reporter.kg/?s=выборы;[]
reporter.kg;https://ru.reporter.kg/?s=выборы;[]
reporter.kg;https://ru.reporter.kg/?s=выборы;[]
reporter.kg;https://ru.reporter.kg/?s=выборы;['https://ru.reporter.kg/byvshii-glava-oshskoi-oblasti-poidet-na-vybory-v-sostave-partii-respublika/', 'https://ru.reporter.kg/vybory-2020-partiia-uluu-zhurt-voshla-v-sostav-partii-kyrgyzstan/', 'https://ru.reporter.kg/vybory-2020-deputat-zhk-talant-mamytov-i-glava-oao-uchkun-dair-kenekeev-vstupili-v-partiiu-kyrgyzstan/', 'https://ru.reporter.kg/vybory-2020-mne-postupili-predlozheniia-ot-piati-partii-pevitsy-anzhelika/', 'https://ru.reporter.kg/vybory-2020-v-kyrgyzstane-imeetsia-2-tys-464-izbiratelnykh-uchastka-iz-kotorykh-44-za-granitsei/', 'https://ru.reporter.kg/vybory-2020-temir-sariev-vyshel-iz-sostava-politpartii-ata-meken/']
april.kg;https://april.kg/search/ru;[]
april.kg;https://april.kg/search/ru;[]
april.kg;https://april.kg/search/ru;[None, None, None, None, None, None, None, None, None, None]
april.kg;https://april.kg/search/ru;[None, None, None, None, None, None, None, None, None, None]
april.kg;https://april.kg/search/ru;[None, None, None, None, None, None, None, None, None, None, None, None, None, None, None, None, None, None, None, None, None, None, None, None]
april.kg;https://april.kg/search/ru;[]
koom.press;https://koom.press/ru/?s=выборы;['https://koom.press/ru/vybory-vo-vremya-pandemii-pochemu-ih-nelzya-otmenit/', 'https://koom.press/ru/czik-sokratila-rashody-na-parlamentskie-vybory-na-285-mln-somov/', 'https://koom.press/ru/tamerlan-ibraimov-vybory-eto-vozmozhnost-provedeniya-neobhodimyh-reform/', 'https://koom.press/ru/provesti-nelzya-otlozhit-vybory-v-zhogorku-kenesh/', 'https://koom.press/ru/vybory-2020-esli-ne-znaesh-kak-postupat-to-postupaj-po-zakonu/', 'https://koom.press/ru/olzhobaj-shakir-v-dannoj-situaczii-vybory-neobhodimo-provesti-kak-mozhno-skoree/', 'https://koom.press/ru/u-partij-odin-den-chtoby-uspet-podat-zayavku-na-vybory-kto-uzhe-v-spiske/', 'https://koom.press/ru/mestnye-i-parlamentskie-vybory-provesti-v-odin-den-predlozhil-deputat/', 'https://koom.press/ru/partii-ata-meken-i-akshumkar-obedinilis-i-hotyat-idti-na-vybory/', 'https://koom.press/ru/vybory-v-zhogorku-kenesh-mogut-byt-pereneseny/']
tuz.kg;https://www.tuz.kg/?search=выборы;['https://www.tuz.kg/news/3014_vybory_2020_proydyt_po_novomy_zakonodatelstvy.html', 'https://www.tuz.kg/news/3013_smertelnyy_sled_ostavlennyy_akylbekom_osmonalievym.html', 'https://www.tuz.kg/news/3000_cik_sokratil_budjet_na_vybory_2020_na_36_mln_dollarov.html', 'https://www.tuz.kg/news/2978_vybory_ne_otmeniat_no_rashody_na_nih_sokratiat.html', 'https://www.tuz.kg/news/2964_parlamentskie_vybory_v_kyrgyzstane_proydyt_4_oktiabria..html', 'https://www.tuz.kg/news/2932_za_vymogatelstvo_zaderjan_glava_sokylykskogo_ayyl_okmoty_bakyt_sydykov.html', 'https://www.tuz.kg/news/2919_parlamentskaia_koaliciia_vydvinyla_boronova_na_post_premer_ministra.html', 'https://www.tuz.kg/news/2906_kak_spiker_djymabekov_vybrannyy_atambaevym_stal_chelovekom_jeenbekova.html', 'https://www.tuz.kg/news/2909_v_bishkeke_prezentovali_materialy_evraziyskih_slyshaniy.html', 'https://www.tuz.kg/news/2753_v_kyrgyzstane_hotiat_vvesti_prezidentskyu_formy_pravleniia.html', 'https://www.tuz.kg/news/2730_vybory_v_mestnye_keneshi_pereneseny_na_neopredelennoe_vremia.html', 'https://www.tuz.kg/news/2712_kto_iz_partiy_vyigraet_v_slychae_vvedeniia_chs_i_perenosa_daty_vyborov.html', 'https://www.tuz.kg/news/2707_kylov:_etim_ludiam_na_vse_plevat_bydyt_hodit_i_vseh_zarajat.html', 'https://www.tuz.kg/news/2693_vybory_v_mestnye_keneshi_2020:_na_375_mandatov_954_kandidata.html', 'https://www.tuz.kg/news/2689_vybory_v_jogorky_kenesh_ostaviat_narod_kyrgyzstana_bez_hleba.html', 'https://www.tuz.kg/news/2665_boronov_vse_kogo_iz_chinovnikov_i_politikov_on_potashit_za_soboy.html', 'https://www.tuz.kg/news/2639_nachato_rassledovanie_faktov_massovoy_registracii_v_tokmoke_oshe_i_karakole.html', 'https://www.tuz.kg/news/2636_vybory_v_mestnye_keneshi_2020:_samozvancy_golosovat_ne_smogyt.html', 'https://www.tuz.kg/news/2608_chlen_cik_abdrahmatova_predypredila_o_nedopystimosti_mahinaciy_na_vyborah.html', 'https://www.tuz.kg/news/2603_kto_takie_grajdane_kyrgyzstana_i_gde_ih_mesto.html', 'https://www.tuz.kg/news/2584_altynbeka_sylaymanova_obsmeiali_za_deshevyy_piar.html', 'https://www.tuz.kg/news/2537_y_storonnikov_atambaeva_est_shans_vernyt_sebe_sdpk.html', 'https://www.tuz.kg/news/2527_vybory_2020:_stoit_li_jdat_kakih_libo_otstavok_v_pravitelstve.html', 'https://www.tuz.kg/news/2524_licemerie_bakyta_torobaeva_ili_kak_odolet_zashitnikov_rayyma_matraimova.html', 'https://www.tuz.kg/news/2513_vybory_2020:_perepis_naseleniia_bydet_provoditsia_v_elektronnom_formate.html', 'https://www.tuz.kg/news/2333_vice_premer_boronov_raskritikoval_meriu_bishkeka.html', 'https://www.tuz.kg/news/2271_bitva_za_parlament_mojet_stat_samoy_jestokoy_za_vsu_istoriu_kyrgyzstana.html', 'https://www.tuz.kg/news/2215_pri_pervoy_neobhodimosti_jeenbekov_solet_abylgazieva.html', 'https://www.tuz.kg/news/2204_dosrochnyh_vyborov_ne_bydet_prezident_jeenbekov_prinial_glavy_cik.html', 'https://www.tuz.kg/news/2160_razborki_ujnyh_opgshnikov_kazak_podstavil_djengo._bydet_li_rasplata.html', 'https://www.tuz.kg/news/2131_hotite_popast_v_parlament_gotovte_500_tysiach_dollarov.html', 'https://www.tuz.kg/news/2129_masaliev:_v_parlament_proydyt_ne_bolshe_treh_partiy._no_vse_s_oligarhami.html', 'https://www.tuz.kg/news/1992_dosrochnye_vybory_v_jogorky_kenesh_kr_proydyt_v_dekabre_2019_goda.html', 'https://www.tuz.kg/news/2021_na_parlamentskie_vybory_planiryetsia_vydelit_svyshe_12_mlrd_somov.html', 'https://www.tuz.kg/news/2019_stanet_li_babanov_novym_kyrgyzskim_politicheskim_messiey.html', 'https://www.tuz.kg/news/2005_kakoe_obshestvo_takoy_i_spiker._mamasaliev_o_vystyplenii_djymabekova.html', 'https://www.tuz.kg/news/1998_dosrochnye_vybory_v_jogorky_kenesh_obmanka_dlia_dyrachkov.html', 'https://www.tuz.kg/news/1929_golodnyy_kazahstanec_napal_na_glavy_centrizbirkoma_rossii_elly_pamfilovy.html', 'https://www.tuz.kg/news/1702_bakievskaia_oppoziciia_nabiraet_sily.html', 'https://www.tuz.kg/news/1518_matraimov_finansiryet_ata_meken_otvet_shykmamatova.html', 'https://www.tuz.kg/news/1425_prezident_jeenbekov_delaet_stavky_na_batkenskyu_oblast.html', 'https://www.tuz.kg/news/1408_evropeyskiy_souz_bydet_vliiat_na_izbiratelnyu_sistemy_kyrgyzstana.html', 'https://www.tuz.kg/news/1313_atambaev_rasskazal_pochemy_ne_zanimalsia_podniatiem_strany.html', 'https://www.tuz.kg/news/1303_jeenbekovyh_obvinili_v_yzyrpacii_vlasti.html', 'https://www.tuz.kg/news/1223_sotrydnica_posolstva_ssha_sbivshaia_kyrgyzstanca_sovetnik_po_voprosam_smi.html', 'https://www.tuz.kg/news/1175_chtoby_zalezt_na_politicheskiy_olimp_kyrgyzstana_pridetsia_raskoshelitsia.html', 'https://www.tuz.kg/news/1022_dotianyt_vybory_do_2020_goda._vypolnima_li_missiia.html', 'https://www.tuz.kg/news/980_martovskiy_vizit_pytina_v_bishkek_mojet_byt_sorvan.html', 'https://www.tuz.kg/news/930_pytin_ne_bydet_ysilivat_prisytstvie_rossii_v_kyrgyzstane_i_sa_v_celom.html', 'https://www.tuz.kg/news/836_parlamentarii_boiatsia_rospyska.html', 'https://www.tuz.kg/news/787_nyjen_li_kyrgyzstany_neopytnyy_premer_ministr_s_zelenymi_sovetnikami.html', 'https://www.tuz.kg/news/762_kyratory_kloopa_gotoviat_media_organizaciu_k_likvidacii.html', 'https://www.tuz.kg/news/756_fond_sorosa_pytaetsia_razvalit_eaes.html', 'https://www.tuz.kg/news/738_almazbek_atambaev:_posle_svoego_yhoda_ia_ne_planiryu_sovatsia_kyda_to_i_sovetovat.html', 'https://www.tuz.kg/news/736_v_2010_gody_sovetnik_knb_rk_hodil_po_nashemy_parlamenty_i_razdaval_dengi.html', 'https://www.tuz.kg/news/726_bakyt_torobaev_prognylsia_zria.html', 'https://www.tuz.kg/news/724_almazbek_atambaev_opiat_brosil_derma_na_ventiliator.html', 'https://www.tuz.kg/news/719_elene_nagornoy_pokazali_figy.html', 'https://www.tuz.kg/news/717_byt_ili_ne_byt_vneocherednym_vyboram_jk_kr.html', 'https://www.tuz.kg/news/679_rotacii_vlasti_kak_takovoy_v_kirgizii_ne_proizoshlo:_pobedil_preemnik_predydyshego_prezidenta.html']
tuz.kg;https://www.tuz.kg/?search=выборы;['https://www.tuz.kg/news/3014_vybory_2020_proydyt_po_novomy_zakonodatelstvy.html', 'https://www.tuz.kg/news/3013_smertelnyy_sled_ostavlennyy_akylbekom_osmonalievym.html', 'https://www.tuz.kg/news/3000_cik_sokratil_budjet_na_vybory_2020_na_36_mln_dollarov.html', 'https://www.tuz.kg/news/2978_vybory_ne_otmeniat_no_rashody_na_nih_sokratiat.html', 'https://www.tuz.kg/news/2964_parlamentskie_vybory_v_kyrgyzstane_proydyt_4_oktiabria..html', 'https://www.tuz.kg/news/2932_za_vymogatelstvo_zaderjan_glava_sokylykskogo_ayyl_okmoty_bakyt_sydykov.html', 'https://www.tuz.kg/news/2919_parlamentskaia_koaliciia_vydvinyla_boronova_na_post_premer_ministra.html', 'https://www.tuz.kg/news/2906_kak_spiker_djymabekov_vybrannyy_atambaevym_stal_chelovekom_jeenbekova.html', 'https://www.tuz.kg/news/2909_v_bishkeke_prezentovali_materialy_evraziyskih_slyshaniy.html', 'https://www.tuz.kg/news/2753_v_kyrgyzstane_hotiat_vvesti_prezidentskyu_formy_pravleniia.html']
jebe.kg;http://jebe.kg/?s=выборы;['http://jebe.kg/2020/08/04/%d0%b2%d1%8b%d0%b1%d0%be%d1%80%d1%8b-2020-%d1%86%d0%b8%d0%ba-%d1%83%d1%82%d0%b2%d0%b5%d1%80%d0%b4%d0%b8%d0%bb%d0%b0-%d0%b8%d0%bd%d1%81%d1%82%d1%80%d1%83%d0%ba%d1%86%d0%b8%d1%8e-%d0%be%d0%b1-%d0%b8/', 'http://jebe.kg/2020/07/11/%d0%bf%d1%80%d0%be%d1%84%d0%b5%d1%81%d1%81%d0%be%d1%80-%d0%ba-%d0%b0%d0%b7%d0%b8%d0%b7-%d0%bf%d0%be-%d0%ba%d0%be%d0%bd%d1%81%d1%82%d0%b8%d1%82%d1%83%d1%86%d0%b8%d0%b8-%d0%bf%d1%80%d0%b5%d0%b7%d0%b8/', 'http://jebe.kg/2020/07/06/%d0%b2%d1%8b%d0%b1%d0%be%d1%80%d1%8b-2020-%d0%b4%d0%be-28-%d1%81%d0%b5%d0%bd%d1%82%d1%8f%d0%b1%d1%80%d1%8f-%d0%b4%d0%be%d0%bb%d0%b6%d0%bd%d1%8b-%d0%b1%d1%8b%d1%82%d1%8c-%d0%b8%d0%b7%d0%b3%d0%be%d1%82/', 'http://jebe.kg/2020/06/29/%d1%86%d0%b8%d0%ba-%d0%bf%d0%be%d0%ba%d0%b0-%d0%bd%d0%b5-%d0%b1%d1%83%d0%b4%d0%b5%d1%82-%d0%be%d0%b1%d1%8a%d1%8f%d0%b2%d0%bb%d1%8f%d1%82%d1%8c-%d0%bc%d0%b5%d1%81%d1%82%d0%bd%d1%8b%d0%b5-%d0%b2/', 'http://jebe.kg/2018/03/14/829-%d0%be%d0%bf%d1%80%d0%be%d1%88%d0%b5%d0%bd%d0%bd%d1%8b%d1%85-%d0%bb%d1%8e%d0%b4%d0%b5%d0%b9-%d1%81%d1%87%d0%b8%d1%82%d0%b0%d1%8e%d1%82-%d1%87%d1%82%d0%be-%d0%bc%d1%8d%d1%80%d0%be%d0%b2-%d0%b3/', 'http://jebe.kg/2020/07/28/%d0%bc%d0%b5%d1%81%d1%82%d0%be-%d0%be%d0%bf%d0%b3-%d0%b2-%d1%82%d1%8e%d1%80%d1%8c%d0%bc%d0%b5-%d0%b0-%d0%bd%d0%b5-%d0%b2-%d0%b6%d0%ba-%d0%be%d1%81%d1%82%d0%b0%d0%bb%d0%b0%d1%81%d1%8c-%d0%bf/', 'http://jebe.kg/2020/07/22/%d0%b5%d0%bb%d0%b5%d0%bd%d0%b0-%d0%b0%d0%b2%d0%b4%d0%b5%d0%b5%d0%b2%d0%b0-%d0%b6%d1%83%d1%80%d0%bd%d0%b0%d0%bb%d0%b8%d1%81%d1%82-%d0%ba%d0%bb%d0%b0%d1%80%d0%b0-%d1%81%d0%be%d0%be%d1%80%d0%be%d0%bd/', 'http://jebe.kg/2020/07/14/%d1%86%d0%b8%d0%ba-%d0%be%d1%82%d0%ba%d0%b0%d0%b7%d0%b0%d0%bb%d1%81%d1%8f-%d1%80%d0%b0%d1%81%d1%81%d0%bc%d0%be%d1%82%d1%80%d0%b5%d1%82%d1%8c-%d0%b2%d0%be%d0%bf%d1%80%d0%be%d1%81-%d0%be-%d0%bf%d0%b5/', 'http://jebe.kg/2020/07/13/24395/', 'http://jebe.kg/2020/07/12/%d0%ba%d1%82%d0%be-%d1%81%d1%82%d0%be%d0%b8%d1%82-%d0%b7%d0%b0-%d0%bd%d0%b5%d1%83%d0%b4%d0%b0%d1%87%d0%bd%d0%be%d0%b9-%d0%b0%d1%82%d0%b0%d0%ba%d0%be%d0%b9-%d0%b1%d0%be%d1%82%d0%be%d0%b2/']
jebe.kg;http://jebe.kg/?s=выборы;['http://jebe.kg/2020/08/04/%d0%b2%d1%8b%d0%b1%d0%be%d1%80%d1%8b-2020-%d1%86%d0%b8%d0%ba-%d1%83%d1%82%d0%b2%d0%b5%d1%80%d0%b4%d0%b8%d0%bb%d0%b0-%d0%b8%d0%bd%d1%81%d1%82%d1%80%d1%83%d0%ba%d1%86%d0%b8%d1%8e-%d0%be%d0%b1-%d0%b8/', 'http://jebe.kg/2020/07/11/%d0%bf%d1%80%d0%be%d1%84%d0%b5%d1%81%d1%81%d0%be%d1%80-%d0%ba-%d0%b0%d0%b7%d0%b8%d0%b7-%d0%bf%d0%be-%d0%ba%d0%be%d0%bd%d1%81%d1%82%d0%b8%d1%82%d1%83%d1%86%d0%b8%d0%b8-%d0%bf%d1%80%d0%b5%d0%b7%d0%b8/', 'http://jebe.kg/2020/07/06/%d0%b2%d1%8b%d0%b1%d0%be%d1%80%d1%8b-2020-%d0%b4%d0%be-28-%d1%81%d0%b5%d0%bd%d1%82%d1%8f%d0%b1%d1%80%d1%8f-%d0%b4%d0%be%d0%bb%d0%b6%d0%bd%d1%8b-%d0%b1%d1%8b%d1%82%d1%8c-%d0%b8%d0%b7%d0%b3%d0%be%d1%82/', 'http://jebe.kg/2020/06/29/%d1%86%d0%b8%d0%ba-%d0%bf%d0%be%d0%ba%d0%b0-%d0%bd%d0%b5-%d0%b1%d1%83%d0%b4%d0%b5%d1%82-%d0%be%d0%b1%d1%8a%d1%8f%d0%b2%d0%bb%d1%8f%d1%82%d1%8c-%d0%bc%d0%b5%d1%81%d1%82%d0%bd%d1%8b%d0%b5-%d0%b2/', 'http://jebe.kg/2018/03/14/829-%d0%be%d0%bf%d1%80%d0%be%d1%88%d0%b5%d0%bd%d0%bd%d1%8b%d1%85-%d0%bb%d1%8e%d0%b4%d0%b5%d0%b9-%d1%81%d1%87%d0%b8%d1%82%d0%b0%d1%8e%d1%82-%d1%87%d1%82%d0%be-%d0%bc%d1%8d%d1%80%d0%be%d0%b2-%d0%b3/', 'http://jebe.kg/2020/07/28/%d0%bc%d0%b5%d1%81%d1%82%d0%be-%d0%be%d0%bf%d0%b3-%d0%b2-%d1%82%d1%8e%d1%80%d1%8c%d0%bc%d0%b5-%d0%b0-%d0%bd%d0%b5-%d0%b2-%d0%b6%d0%ba-%d0%be%d1%81%d1%82%d0%b0%d0%bb%d0%b0%d1%81%d1%8c-%d0%bf/', 'http://jebe.kg/2020/07/22/%d0%b5%d0%bb%d0%b5%d0%bd%d0%b0-%d0%b0%d0%b2%d0%b4%d0%b5%d0%b5%d0%b2%d0%b0-%d0%b6%d1%83%d1%80%d0%bd%d0%b0%d0%bb%d0%b8%d1%81%d1%82-%d0%ba%d0%bb%d0%b0%d1%80%d0%b0-%d1%81%d0%be%d0%be%d1%80%d0%be%d0%bd/', 'http://jebe.kg/2020/07/14/%d1%86%d0%b8%d0%ba-%d0%be%d1%82%d0%ba%d0%b0%d0%b7%d0%b0%d0%bb%d1%81%d1%8f-%d1%80%d0%b0%d1%81%d1%81%d0%bc%d0%be%d1%82%d1%80%d0%b5%d1%82%d1%8c-%d0%b2%d0%be%d0%bf%d1%80%d0%be%d1%81-%d0%be-%d0%bf%d0%b5/', 'http://jebe.kg/2020/07/13/24395/', 'http://jebe.kg/2020/07/12/%d0%ba%d1%82%d0%be-%d1%81%d1%82%d0%be%d0%b8%d1%82-%d0%b7%d0%b0-%d0%bd%d0%b5%d1%83%d0%b4%d0%b0%d1%87%d0%bd%d0%be%d0%b9-%d0%b0%d1%82%d0%b0%d0%ba%d0%be%d0%b9-%d0%b1%d0%be%d1%82%d0%be%d0%b2/']
jebe.kg;http://jebe.kg/?s=выборы;['http://jebe.kg/2020/08/04/%d0%b2%d1%8b%d0%b1%d0%be%d1%80%d1%8b-2020-%d1%86%d0%b8%d0%ba-%d1%83%d1%82%d0%b2%d0%b5%d1%80%d0%b4%d0%b8%d0%bb%d0%b0-%d0%b8%d0%bd%d1%81%d1%82%d1%80%d1%83%d0%ba%d1%86%d0%b8%d1%8e-%d0%be%d0%b1-%d0%b8/', 'http://jebe.kg/2020/07/11/%d0%bf%d1%80%d0%be%d1%84%d0%b5%d1%81%d1%81%d0%be%d1%80-%d0%ba-%d0%b0%d0%b7%d0%b8%d0%b7-%d0%bf%d0%be-%d0%ba%d0%be%d0%bd%d1%81%d1%82%d0%b8%d1%82%d1%83%d1%86%d0%b8%d0%b8-%d0%bf%d1%80%d0%b5%d0%b7%d0%b8/', 'http://jebe.kg/2020/07/06/%d0%b2%d1%8b%d0%b1%d0%be%d1%80%d1%8b-2020-%d0%b4%d0%be-28-%d1%81%d0%b5%d0%bd%d1%82%d1%8f%d0%b1%d1%80%d1%8f-%d0%b4%d0%be%d0%bb%d0%b6%d0%bd%d1%8b-%d0%b1%d1%8b%d1%82%d1%8c-%d0%b8%d0%b7%d0%b3%d0%be%d1%82/', 'http://jebe.kg/2020/06/29/%d1%86%d0%b8%d0%ba-%d0%bf%d0%be%d0%ba%d0%b0-%d0%bd%d0%b5-%d0%b1%d1%83%d0%b4%d0%b5%d1%82-%d0%be%d0%b1%d1%8a%d1%8f%d0%b2%d0%bb%d1%8f%d1%82%d1%8c-%d0%bc%d0%b5%d1%81%d1%82%d0%bd%d1%8b%d0%b5-%d0%b2/', 'http://jebe.kg/2018/03/14/829-%d0%be%d0%bf%d1%80%d0%be%d1%88%d0%b5%d0%bd%d0%bd%d1%8b%d1%85-%d0%bb%d1%8e%d0%b4%d0%b5%d0%b9-%d1%81%d1%87%d0%b8%d1%82%d0%b0%d1%8e%d1%82-%d1%87%d1%82%d0%be-%d0%bc%d1%8d%d1%80%d0%be%d0%b2-%d0%b3/', 'http://jebe.kg/2020/07/28/%d0%bc%d0%b5%d1%81%d1%82%d0%be-%d0%be%d0%bf%d0%b3-%d0%b2-%d1%82%d1%8e%d1%80%d1%8c%d0%bc%d0%b5-%d0%b0-%d0%bd%d0%b5-%d0%b2-%d0%b6%d0%ba-%d0%be%d1%81%d1%82%d0%b0%d0%bb%d0%b0%d1%81%d1%8c-%d0%bf/', 'http://jebe.kg/2020/07/22/%d0%b5%d0%bb%d0%b5%d0%bd%d0%b0-%d0%b0%d0%b2%d0%b4%d0%b5%d0%b5%d0%b2%d0%b0-%d0%b6%d1%83%d1%80%d0%bd%d0%b0%d0%bb%d0%b8%d1%81%d1%82-%d0%ba%d0%bb%d0%b0%d1%80%d0%b0-%d1%81%d0%be%d0%be%d1%80%d0%be%d0%bd/', 'http://jebe.kg/2020/07/14/%d1%86%d0%b8%d0%ba-%d0%be%d1%82%d0%ba%d0%b0%d0%b7%d0%b0%d0%bb%d1%81%d1%8f-%d1%80%d0%b0%d1%81%d1%81%d0%bc%d0%be%d1%82%d1%80%d0%b5%d1%82%d1%8c-%d0%b2%d0%be%d0%bf%d1%80%d0%be%d1%81-%d0%be-%d0%bf%d0%b5/', 'http://jebe.kg/2020/07/13/24395/', 'http://jebe.kg/2020/07/12/%d0%ba%d1%82%d0%be-%d1%81%d1%82%d0%be%d0%b8%d1%82-%d0%b7%d0%b0-%d0%bd%d0%b5%d1%83%d0%b4%d0%b0%d1%87%d0%bd%d0%be%d0%b9-%d0%b0%d1%82%d0%b0%d0%ba%d0%be%d0%b9-%d0%b1%d0%be%d1%82%d0%be%d0%b2/']
nazarnews.org;https://nazarnews.org/search_post?search_query=выборы;['/posts/kubanychbek-isabekov-osennie-vybory-v-zhk-kr-dolzhny-proiti-v-ramkakh-zakona-chestno-i-mirno', '/posts/parlamentskie-vybory-v-shri-lanke-perenesli-na-fone-koronavirusa', '/posts/zashchita-trampa-schitaet-impichment-vmeshatelstvom-v-vybory-2020-goda', '/posts/partiia-erdogana-proigryvaet-munitsipalnye-vybory-v-ankare-i-stambule', '/posts/molodezh-i-vybory-uchastie-molodykh-v-vyborakh-otvetstvennost-za-budushchee', '/posts/vybory-mera-g-bishkek', '/posts/11-iiunia-2018-goda-sostoialis-vybory-glav-nekotorykh-ispolnitelnykh-organov-mestnogo-samoupravleniia-dzhala-abadskoi-chuiskoi-i-oshskoi-oblastei', '/posts/uchenye-nashli-effektivnyi-sposob-vyigrat-prezidentskie-vybory-v-ssha', '/posts/britanskii-deputat-nashel-quot-dokazatelstva-quot-khakerskoi-ataki-rf-na-vybory', '/posts/senatory-ssha-obsudiat-progress-v-rassledovanii-quot-vmeshatelstva-quot-rf-v-vybory', '/posts/torobaev-bespokoitsia-za-prezidentskie-vybory']
jebe.kg;http://jebe.kg/?s=выборы;['http://jebe.kg/2020/08/04/%d0%b2%d1%8b%d0%b1%d0%be%d1%80%d1%8b-2020-%d1%86%d0%b8%d0%ba-%d1%83%d1%82%d0%b2%d0%b5%d1%80%d0%b4%d0%b8%d0%bb%d0%b0-%d0%b8%d0%bd%d1%81%d1%82%d1%80%d1%83%d0%ba%d1%86%d0%b8%d1%8e-%d0%be%d0%b1-%d0%b8/', 'http://jebe.kg/2020/07/11/%d0%bf%d1%80%d0%be%d1%84%d0%b5%d1%81%d1%81%d0%be%d1%80-%d0%ba-%d0%b0%d0%b7%d0%b8%d0%b7-%d0%bf%d0%be-%d0%ba%d0%be%d0%bd%d1%81%d1%82%d0%b8%d1%82%d1%83%d1%86%d0%b8%d0%b8-%d0%bf%d1%80%d0%b5%d0%b7%d0%b8/', 'http://jebe.kg/2020/07/06/%d0%b2%d1%8b%d0%b1%d0%be%d1%80%d1%8b-2020-%d0%b4%d0%be-28-%d1%81%d0%b5%d0%bd%d1%82%d1%8f%d0%b1%d1%80%d1%8f-%d0%b4%d0%be%d0%bb%d0%b6%d0%bd%d1%8b-%d0%b1%d1%8b%d1%82%d1%8c-%d0%b8%d0%b7%d0%b3%d0%be%d1%82/', 'http://jebe.kg/2020/06/29/%d1%86%d0%b8%d0%ba-%d0%bf%d0%be%d0%ba%d0%b0-%d0%bd%d0%b5-%d0%b1%d1%83%d0%b4%d0%b5%d1%82-%d0%be%d0%b1%d1%8a%d1%8f%d0%b2%d0%bb%d1%8f%d1%82%d1%8c-%d0%bc%d0%b5%d1%81%d1%82%d0%bd%d1%8b%d0%b5-%d0%b2/', 'http://jebe.kg/2018/03/14/829-%d0%be%d0%bf%d1%80%d0%be%d1%88%d0%b5%d0%bd%d0%bd%d1%8b%d1%85-%d0%bb%d1%8e%d0%b4%d0%b5%d0%b9-%d1%81%d1%87%d0%b8%d1%82%d0%b0%d1%8e%d1%82-%d1%87%d1%82%d0%be-%d0%bc%d1%8d%d1%80%d0%be%d0%b2-%d0%b3/', 'http://jebe.kg/2020/07/28/%d0%bc%d0%b5%d1%81%d1%82%d0%be-%d0%be%d0%bf%d0%b3-%d0%b2-%d1%82%d1%8e%d1%80%d1%8c%d0%bc%d0%b5-%d0%b0-%d0%bd%d0%b5-%d0%b2-%d0%b6%d0%ba-%d0%be%d1%81%d1%82%d0%b0%d0%bb%d0%b0%d1%81%d1%8c-%d0%bf/', 'http://jebe.kg/2020/07/22/%d0%b5%d0%bb%d0%b5%d0%bd%d0%b0-%d0%b0%d0%b2%d0%b4%d0%b5%d0%b5%d0%b2%d0%b0-%d0%b6%d1%83%d1%80%d0%bd%d0%b0%d0%bb%d0%b8%d1%81%d1%82-%d0%ba%d0%bb%d0%b0%d1%80%d0%b0-%d1%81%d0%be%d0%be%d1%80%d0%be%d0%bd/', 'http://jebe.kg/2020/07/14/%d1%86%d0%b8%d0%ba-%d0%be%d1%82%d0%ba%d0%b0%d0%b7%d0%b0%d0%bb%d1%81%d1%8f-%d1%80%d0%b0%d1%81%d1%81%d0%bc%d0%be%d1%82%d1%80%d0%b5%d1%82%d1%8c-%d0%b2%d0%be%d0%bf%d1%80%d0%be%d1%81-%d0%be-%d0%bf%d0%b5/', 'http://jebe.kg/2020/07/13/24395/', 'http://jebe.kg/2020/07/12/%d0%ba%d1%82%d0%be-%d1%81%d1%82%d0%be%d0%b8%d1%82-%d0%b7%d0%b0-%d0%bd%d0%b5%d1%83%d0%b4%d0%b0%d1%87%d0%bd%d0%be%d0%b9-%d0%b0%d1%82%d0%b0%d0%ba%d0%be%d0%b9-%d0%b1%d0%be%d1%82%d0%be%d0%b2/']
nazarnews.org;https://nazarnews.org/search_post?search_query=выборы;['https://nazarnews.org//posts/kubanychbek-isabekov-osennie-vybory-v-zhk-kr-dolzhny-proiti-v-ramkakh-zakona-chestno-i-mirno', 'https://nazarnews.org//posts/parlamentskie-vybory-v-shri-lanke-perenesli-na-fone-koronavirusa', 'https://nazarnews.org//posts/zashchita-trampa-schitaet-impichment-vmeshatelstvom-v-vybory-2020-goda', 'https://nazarnews.org//posts/partiia-erdogana-proigryvaet-munitsipalnye-vybory-v-ankare-i-stambule', 'https://nazarnews.org//posts/molodezh-i-vybory-uchastie-molodykh-v-vyborakh-otvetstvennost-za-budushchee', 'https://nazarnews.org//posts/vybory-mera-g-bishkek', 'https://nazarnews.org//posts/11-iiunia-2018-goda-sostoialis-vybory-glav-nekotorykh-ispolnitelnykh-organov-mestnogo-samoupravleniia-dzhala-abadskoi-chuiskoi-i-oshskoi-oblastei', 'https://nazarnews.org//posts/uchenye-nashli-effektivnyi-sposob-vyigrat-prezidentskie-vybory-v-ssha', 'https://nazarnews.org//posts/britanskii-deputat-nashel-quot-dokazatelstva-quot-khakerskoi-ataki-rf-na-vybory', 'https://nazarnews.org//posts/senatory-ssha-obsudiat-progress-v-rassledovanii-quot-vmeshatelstva-quot-rf-v-vybory', 'https://nazarnews.org//posts/torobaev-bespokoitsia-za-prezidentskie-vybory']
jebe.kg;http://jebe.kg/?s=выборы;['http://jebe.kg/2020/08/04/%d0%b2%d1%8b%d0%b1%d0%be%d1%80%d1%8b-2020-%d1%86%d0%b8%d0%ba-%d1%83%d1%82%d0%b2%d0%b5%d1%80%d0%b4%d0%b8%d0%bb%d0%b0-%d0%b8%d0%bd%d1%81%d1%82%d1%80%d1%83%d0%ba%d1%86%d0%b8%d1%8e-%d0%be%d0%b1-%d0%b8/', 'http://jebe.kg/2020/07/11/%d0%bf%d1%80%d0%be%d1%84%d0%b5%d1%81%d1%81%d0%be%d1%80-%d0%ba-%d0%b0%d0%b7%d0%b8%d0%b7-%d0%bf%d0%be-%d0%ba%d0%be%d0%bd%d1%81%d1%82%d0%b8%d1%82%d1%83%d1%86%d0%b8%d0%b8-%d0%bf%d1%80%d0%b5%d0%b7%d0%b8/', 'http://jebe.kg/2020/07/06/%d0%b2%d1%8b%d0%b1%d0%be%d1%80%d1%8b-2020-%d0%b4%d0%be-28-%d1%81%d0%b5%d0%bd%d1%82%d1%8f%d0%b1%d1%80%d1%8f-%d0%b4%d0%be%d0%bb%d0%b6%d0%bd%d1%8b-%d0%b1%d1%8b%d1%82%d1%8c-%d0%b8%d0%b7%d0%b3%d0%be%d1%82/', 'http://jebe.kg/2020/06/29/%d1%86%d0%b8%d0%ba-%d0%bf%d0%be%d0%ba%d0%b0-%d0%bd%d0%b5-%d0%b1%d1%83%d0%b4%d0%b5%d1%82-%d0%be%d0%b1%d1%8a%d1%8f%d0%b2%d0%bb%d1%8f%d1%82%d1%8c-%d0%bc%d0%b5%d1%81%d1%82%d0%bd%d1%8b%d0%b5-%d0%b2/', 'http://jebe.kg/2018/03/14/829-%d0%be%d0%bf%d1%80%d0%be%d1%88%d0%b5%d0%bd%d0%bd%d1%8b%d1%85-%d0%bb%d1%8e%d0%b4%d0%b5%d0%b9-%d1%81%d1%87%d0%b8%d1%82%d0%b0%d1%8e%d1%82-%d1%87%d1%82%d0%be-%d0%bc%d1%8d%d1%80%d0%be%d0%b2-%d0%b3/', 'http://jebe.kg/2020/07/28/%d0%bc%d0%b5%d1%81%d1%82%d0%be-%d0%be%d0%bf%d0%b3-%d0%b2-%d1%82%d1%8e%d1%80%d1%8c%d0%bc%d0%b5-%d0%b0-%d0%bd%d0%b5-%d0%b2-%d0%b6%d0%ba-%d0%be%d1%81%d1%82%d0%b0%d0%bb%d0%b0%d1%81%d1%8c-%d0%bf/', 'http://jebe.kg/2020/07/22/%d0%b5%d0%bb%d0%b5%d0%bd%d0%b0-%d0%b0%d0%b2%d0%b4%d0%b5%d0%b5%d0%b2%d0%b0-%d0%b6%d1%83%d1%80%d0%bd%d0%b0%d0%bb%d0%b8%d1%81%d1%82-%d0%ba%d0%bb%d0%b0%d1%80%d0%b0-%d1%81%d0%be%d0%be%d1%80%d0%be%d0%bd/', 'http://jebe.kg/2020/07/14/%d1%86%d0%b8%d0%ba-%d0%be%d1%82%d0%ba%d0%b0%d0%b7%d0%b0%d0%bb%d1%81%d1%8f-%d1%80%d0%b0%d1%81%d1%81%d0%bc%d0%be%d1%82%d1%80%d0%b5%d1%82%d1%8c-%d0%b2%d0%be%d0%bf%d1%80%d0%be%d1%81-%d0%be-%d0%bf%d0%b5/', 'http://jebe.kg/2020/07/13/24395/', 'http://jebe.kg/2020/07/12/%d0%ba%d1%82%d0%be-%d1%81%d1%82%d0%be%d0%b8%d1%82-%d0%b7%d0%b0-%d0%bd%d0%b5%d1%83%d0%b4%d0%b0%d1%87%d0%bd%d0%be%d0%b9-%d0%b0%d1%82%d0%b0%d0%ba%d0%be%d0%b9-%d0%b1%d0%be%d1%82%d0%be%d0%b2/']
nazarnews.org;https://nazarnews.org/search_post?search_query=выборы;['https://nazarnews.org/posts/kubanychbek-isabekov-osennie-vybory-v-zhk-kr-dolzhny-proiti-v-ramkakh-zakona-chestno-i-mirno', 'https://nazarnews.org/posts/parlamentskie-vybory-v-shri-lanke-perenesli-na-fone-koronavirusa', 'https://nazarnews.org/posts/zashchita-trampa-schitaet-impichment-vmeshatelstvom-v-vybory-2020-goda', 'https://nazarnews.org/posts/partiia-erdogana-proigryvaet-munitsipalnye-vybory-v-ankare-i-stambule', 'https://nazarnews.org/posts/molodezh-i-vybory-uchastie-molodykh-v-vyborakh-otvetstvennost-za-budushchee', 'https://nazarnews.org/posts/vybory-mera-g-bishkek', 'https://nazarnews.org/posts/11-iiunia-2018-goda-sostoialis-vybory-glav-nekotorykh-ispolnitelnykh-organov-mestnogo-samoupravleniia-dzhala-abadskoi-chuiskoi-i-oshskoi-oblastei', 'https://nazarnews.org/posts/uchenye-nashli-effektivnyi-sposob-vyigrat-prezidentskie-vybory-v-ssha', 'https://nazarnews.org/posts/britanskii-deputat-nashel-quot-dokazatelstva-quot-khakerskoi-ataki-rf-na-vybory', 'https://nazarnews.org/posts/senatory-ssha-obsudiat-progress-v-rassledovanii-quot-vmeshatelstva-quot-rf-v-vybory', 'https://nazarnews.org/posts/torobaev-bespokoitsia-za-prezidentskie-vybory']
barometr.kg;https://barometr.kg/search?q=выборы;['/vybory-partiya-kommunistov-kyrgyzstana-otkazalas-ot-uchastiya-v-vyborah-v-zhogorku-kenesh', '/vybory-deputat-talant-mamytov-i-glava-oao-uchkun-dair-kenekeev-voshli-v-partiyu-kyrgyzstan', '/vybory-uluu-zhurt-voshla-v-sostav-partii-kyrgyzstan', '/vybory-razmeshenie-nazvanij-i-logotipov-na-zdaniyah-politpartij-ne-predvybornaya-agitaciya', '/prezidentskie-vybory-v-tadzhikistane-sostoyatsya-11-oktyabrya', '/vybory-rabochie-gruppy-centrizbirkoma-otkryty-dlya-konsultacij', '/vybory-cik-priglasila-ryad-mezhdunarodnyh-organizacij-v-kachestve-nablyudatelej', '/vybory-centrizbirkom-provodit-obuchenie-predstavitelej-politicheskih-partij', '/zheenbekov-parlamentskie-vybory-projdut-v-naznachennyj-srok', '/cik-v-poltora-raza-sokratil-smetu-rashodov-na-vybory-v-zhogorku-kenesh']
barometr.kg;https://barometr.kg/search?q=выборы;['https://barometr.kg//vybory-partiya-kommunistov-kyrgyzstana-otkazalas-ot-uchastiya-v-vyborah-v-zhogorku-kenesh', 'https://barometr.kg//vybory-deputat-talant-mamytov-i-glava-oao-uchkun-dair-kenekeev-voshli-v-partiyu-kyrgyzstan', 'https://barometr.kg//vybory-uluu-zhurt-voshla-v-sostav-partii-kyrgyzstan', 'https://barometr.kg//vybory-razmeshenie-nazvanij-i-logotipov-na-zdaniyah-politpartij-ne-predvybornaya-agitaciya', 'https://barometr.kg//prezidentskie-vybory-v-tadzhikistane-sostoyatsya-11-oktyabrya', 'https://barometr.kg//vybory-rabochie-gruppy-centrizbirkoma-otkryty-dlya-konsultacij', 'https://barometr.kg//vybory-cik-priglasila-ryad-mezhdunarodnyh-organizacij-v-kachestve-nablyudatelej', 'https://barometr.kg//vybory-centrizbirkom-provodit-obuchenie-predstavitelej-politicheskih-partij', 'https://barometr.kg//zheenbekov-parlamentskie-vybory-projdut-v-naznachennyj-srok', 'https://barometr.kg//cik-v-poltora-raza-sokratil-smetu-rashodov-na-vybory-v-zhogorku-kenesh']
barometr.kg;https://barometr.kg/search?q=выборы;['https://barometr.kg//vybory-partiya-kommunistov-kyrgyzstana-otkazalas-ot-uchastiya-v-vyborah-v-zhogorku-kenesh', 'https://barometr.kg//vybory-deputat-talant-mamytov-i-glava-oao-uchkun-dair-kenekeev-voshli-v-partiyu-kyrgyzstan', 'https://barometr.kg//vybory-uluu-zhurt-voshla-v-sostav-partii-kyrgyzstan', 'https://barometr.kg//vybory-razmeshenie-nazvanij-i-logotipov-na-zdaniyah-politpartij-ne-predvybornaya-agitaciya', 'https://barometr.kg//prezidentskie-vybory-v-tadzhikistane-sostoyatsya-11-oktyabrya', 'https://barometr.kg//vybory-rabochie-gruppy-centrizbirkoma-otkryty-dlya-konsultacij', 'https://barometr.kg//vybory-cik-priglasila-ryad-mezhdunarodnyh-organizacij-v-kachestve-nablyudatelej', 'https://barometr.kg//vybory-centrizbirkom-provodit-obuchenie-predstavitelej-politicheskih-partij', 'https://barometr.kg//zheenbekov-parlamentskie-vybory-projdut-v-naznachennyj-srok', 'https://barometr.kg//cik-v-poltora-raza-sokratil-smetu-rashodov-na-vybory-v-zhogorku-kenesh']
slon.kg;http://slon.kg/?s=выборы;['https://slon.kg/2020/07/18/vybory-vo-vremya-pandemii-pochemu-ih-nelzya-otmenit/', 'https://slon.kg/2020/06/30/sooronbaj-zheenbekov-vybory-dolzhny-projti-maksimalno-chestno-i-prozrachno/', 'https://slon.kg/2020/03/23/v-svyazi-s-situacziej-s-koronovirusom-vybory-v-mestnyj-kenesh-pereneseny-na-bolee-pozdnij-srok/', 'https://slon.kg/2020/03/21/vybory-v-mestnye-keneshi-budut-pereneseny-iz-za-vvedeniya-rezhima-chrezvychajnoj-situaczii/', 'https://slon.kg/2020/03/20/vybory-v-kok-belskom-ajylnom-keneshe-nookatskogo-rajona-budut-pereneseny-iz-za-koronavirusa/', 'https://slon.kg/2020/03/02/parlamentskie-vybory-v-tadzhikistane-priznany-prozrachnymi-i-demokratichnymi/', 'https://slon.kg/2020/02/24/v-irane-parlamentskie-vybory-proshli-pri-samoj-nizkoj-yavke/', 'https://slon.kg/2020/02/11/na-12-aprelya-naznacheny-vybory-deputatov-mestnyh-keneshej/', 'https://slon.kg/2019/12/23/v-uzbekistane-proshli-parlamentskie-vybory/', 'https://slon.kg/2019/12/20/parlamentskie-vybory-v-uzbekistane-projdut-22-dekabrya/']
slon.kg;http://www.pr.kg/search/?str=выборы&logic=AND&str2=&in=all&where=news&sortby=rel&x=0&y=0;[]
pr.kg;http://www.pr.kg/search/?str=выборы&logic=AND&str2=&in=all&where=news&sortby=rel&x=0&y=0;['/', '/news/', '/gazeta/', '/rss/', '/news/2020/08/12/', '/news/2020/08/13/']
pr.kg;http://www.pr.kg/search/?str=выборы&logic=AND&str2=&in=all&where=news&sortby=rel&x=0&y=0;['/', '/news/', '/gazeta/', '/rss/', '/news/2020/08/12/', '/news/2020/08/13/']
pr.kg;http://www.pr.kg/search/?str=выборы&logic=AND&str2=&in=all&where=news&sortby=rel&x=0&y=0;['/', '/news/', '/gazeta/', '/rss/', '/news/2020/08/12/', '/news/2020/08/13/']
economist.kg;https://economist.kg/?s=выборы;['https://economist.kg/2020/07/03/vybory-deputatov-v-zhogorku-kenesh-projdut-4-oktyabrya-prezident-podpisal-ukaz/', 'https://economist.kg/2020/04/01/referendum-po-vyboru-parlamentskogo-ili-prezidentskogo-gosupravleniya-iniciiroval-deputat-zulushev/', 'https://economist.kg/2019/10/21/vybory-stali-deshevle-minfin-dal-rasklad-po-rashodam-na-predydushhie-i-budushhie-vybory/', 'https://economist.kg/2019/09/27/kyrgyzstan-ishhet-podderzhki-obse-v-borbe-s-korrupciej/', 'https://economist.kg/2019/09/27/svyshe-1-2-mlrd-somov-potratyat-na-parlamentskie-vybory-v-sledujushhem-godu/', 'https://economist.kg/2019/09/02/deputat-strokova-i-moskovskij-akter-vladejut-mertvym-fondom-ego-oboroty-ocenivajut-v-2-mln-rassledovanie/', 'https://economist.kg/2019/05/31/ob-igrah-biznesmenov-v-pryatki-i-onlajn-kreditah-v-odin-klik-intervju-s-glavoj-banka-baj-tushum-maksatbekom-ishenbaevym/', 'https://economist.kg/2019/05/20/v-gospredpriyatii-infokom-nazvali-glavnye-dostizheniya-za-poslednie-5-let/', 'https://economist.kg/2019/03/11/v-optima-bank-smenitsya-chlen-soveta-direktorov/', 'https://economist.kg/2018/01/19/human-rights-watch-na-vyiborah-prezidenta-ispolzovalsya-adminresurs/', 'https://economist.kg/2018/01/09/evrosoyuz-dal-kr-ocherednoy-grant-na-reformyi-izbiratelnoy-sistemyi/', 'https://economist.kg/2017/12/18/tsik-potratit-na-ocherednyie-vyiboryi-8-3-mln-somov/']
economist.kg;https://economist.kg/?s=выборы;['https://economist.kg/2020/07/03/vybory-deputatov-v-zhogorku-kenesh-projdut-4-oktyabrya-prezident-podpisal-ukaz/', 'https://economist.kg/2020/04/01/referendum-po-vyboru-parlamentskogo-ili-prezidentskogo-gosupravleniya-iniciiroval-deputat-zulushev/', 'https://economist.kg/2019/10/21/vybory-stali-deshevle-minfin-dal-rasklad-po-rashodam-na-predydushhie-i-budushhie-vybory/', 'https://economist.kg/2019/09/27/kyrgyzstan-ishhet-podderzhki-obse-v-borbe-s-korrupciej/', 'https://economist.kg/2019/09/27/svyshe-1-2-mlrd-somov-potratyat-na-parlamentskie-vybory-v-sledujushhem-godu/', 'https://economist.kg/2019/09/02/deputat-strokova-i-moskovskij-akter-vladejut-mertvym-fondom-ego-oboroty-ocenivajut-v-2-mln-rassledovanie/', 'https://economist.kg/2019/05/31/ob-igrah-biznesmenov-v-pryatki-i-onlajn-kreditah-v-odin-klik-intervju-s-glavoj-banka-baj-tushum-maksatbekom-ishenbaevym/', 'https://economist.kg/2019/05/20/v-gospredpriyatii-infokom-nazvali-glavnye-dostizheniya-za-poslednie-5-let/', 'https://economist.kg/2019/03/11/v-optima-bank-smenitsya-chlen-soveta-direktorov/', 'https://economist.kg/2018/01/19/human-rights-watch-na-vyiborah-prezidenta-ispolzovalsya-adminresurs/', 'https://economist.kg/2018/01/09/evrosoyuz-dal-kr-ocherednoy-grant-na-reformyi-izbiratelnoy-sistemyi/', 'https://economist.kg/2017/12/18/tsik-potratit-na-ocherednyie-vyiboryi-8-3-mln-somov/']
economist.kg;https://economist.kg/?s=выборы;['https://economist.kg/2020/07/03/vybory-deputatov-v-zhogorku-kenesh-projdut-4-oktyabrya-prezident-podpisal-ukaz/', 'https://economist.kg/2020/04/01/referendum-po-vyboru-parlamentskogo-ili-prezidentskogo-gosupravleniya-iniciiroval-deputat-zulushev/', 'https://economist.kg/2019/10/21/vybory-stali-deshevle-minfin-dal-rasklad-po-rashodam-na-predydushhie-i-budushhie-vybory/', 'https://economist.kg/2019/09/27/kyrgyzstan-ishhet-podderzhki-obse-v-borbe-s-korrupciej/', 'https://economist.kg/2019/09/27/svyshe-1-2-mlrd-somov-potratyat-na-parlamentskie-vybory-v-sledujushhem-godu/', 'https://economist.kg/2019/09/02/deputat-strokova-i-moskovskij-akter-vladejut-mertvym-fondom-ego-oboroty-ocenivajut-v-2-mln-rassledovanie/', 'https://economist.kg/2019/05/31/ob-igrah-biznesmenov-v-pryatki-i-onlajn-kreditah-v-odin-klik-intervju-s-glavoj-banka-baj-tushum-maksatbekom-ishenbaevym/', 'https://economist.kg/2019/05/20/v-gospredpriyatii-infokom-nazvali-glavnye-dostizheniya-za-poslednie-5-let/', 'https://economist.kg/2019/03/11/v-optima-bank-smenitsya-chlen-soveta-direktorov/', 'https://economist.kg/2018/01/19/human-rights-watch-na-vyiborah-prezidenta-ispolzovalsya-adminresurs/', 'https://economist.kg/2018/01/09/evrosoyuz-dal-kr-ocherednoy-grant-na-reformyi-izbiratelnoy-sistemyi/', 'https://economist.kg/2017/12/18/tsik-potratit-na-ocherednyie-vyiboryi-8-3-mln-somov/']
economist.kg;https://economist.kg/?s=выборы;['https://economist.kg/2020/07/03/vybory-deputatov-v-zhogorku-kenesh-projdut-4-oktyabrya-prezident-podpisal-ukaz/', 'https://economist.kg/2020/04/01/referendum-po-vyboru-parlamentskogo-ili-prezidentskogo-gosupravleniya-iniciiroval-deputat-zulushev/', 'https://economist.kg/2019/10/21/vybory-stali-deshevle-minfin-dal-rasklad-po-rashodam-na-predydushhie-i-budushhie-vybory/', 'https://economist.kg/2019/09/27/kyrgyzstan-ishhet-podderzhki-obse-v-borbe-s-korrupciej/', 'https://economist.kg/2019/09/27/svyshe-1-2-mlrd-somov-potratyat-na-parlamentskie-vybory-v-sledujushhem-godu/', 'https://economist.kg/2019/09/02/deputat-strokova-i-moskovskij-akter-vladejut-mertvym-fondom-ego-oboroty-ocenivajut-v-2-mln-rassledovanie/', 'https://economist.kg/2019/05/31/ob-igrah-biznesmenov-v-pryatki-i-onlajn-kreditah-v-odin-klik-intervju-s-glavoj-banka-baj-tushum-maksatbekom-ishenbaevym/', 'https://economist.kg/2019/05/20/v-gospredpriyatii-infokom-nazvali-glavnye-dostizheniya-za-poslednie-5-let/', 'https://economist.kg/2019/03/11/v-optima-bank-smenitsya-chlen-soveta-direktorov/', 'https://economist.kg/2018/01/19/human-rights-watch-na-vyiborah-prezidenta-ispolzovalsya-adminresurs/', 'https://economist.kg/2018/01/09/evrosoyuz-dal-kr-ocherednoy-grant-na-reformyi-izbiratelnoy-sistemyi/', 'https://economist.kg/2017/12/18/tsik-potratit-na-ocherednyie-vyiboryi-8-3-mln-somov/']
